SKU,Type,Item Name,Invoice Type,Quantity,Gross Amount,Discounts,Net Amount,Taxes,Avg Gross Amount,Avg Discounts,Avg Net Amount,Materials Cost,Avg Materials Cost,Supplies Cost,Avg Supplies Cost,Gross Margin,Item Tax Code,Nature of Item,Category,Subcategory,Item Tags,Item Brand,Account Name,Item Group Name,Variant(s),Measuring Unit,Level Hierarchy 1
1,Item,Black Forest (1 Pcs),Sale,127,6763.68,-5.24,6758.44,338.01,53.26,-0.04,53.22,2839.58,22.36,0,0,57.98%,19059010,Goods,Cakes,Regular Cakes,"Non-vegetarian,Dessert",,,Black Forest,1 Pcs,ea,
10,Item,Celebration (1 Pcs),Sale,29,2347.57,0,2347.57,117.4,80.95,0,80.95,659.79,22.75,0,0,71.89%,19059010,Goods,Cakes,Something Special,"Non-vegetarian,Dessert",,,Celebration,1 Pcs,ea,
101,Item,Black Forest (1/2 Kg),Sale,22,6495.28,-64.96,6430.32,321.49,295.24,-2.95,292.29,446.93,20.32,0,0,93.05%,19059010,Goods,Cakes,Regular Cakes,"Non-vegetarian,Dessert",,,Black Forest,1/2 Kg,ea,
101EL,Item,Eggless Black Forest (1/2 Kg),Sale,11,3509.55,0,3509.55,175.47,319.05,0,319.05,0,0,0,0,100%,19059010,Goods,Eggless Cakes,,"Vegetarian,Dessert",,,Eggless Black Forest,1/2 Kg,ea,
101OM,Item,Black Forest (1/2 Kg),Sale,2,590.48,0,590.48,29.52,295.24,0,295.24,346.5,173.25,0,0,41.32%,19059010,Goods,Online Menu,Regular Cakes,"Non-vegetarian,Dessert",,,Black Forest,1/2 Kg,ea,
102,Item,Pineapple Pastry (1/2 Kg),Sale,14,4133.36,0,4133.36,206.64,295.24,0,295.24,158.9,11.35,0,0,96.16%,19059010,Goods,Cakes,Regular Cakes,"Non-vegetarian,Dessert",,,Pineapple Pastry,1/2 Kg,ea,
102EL,Item,Eggless Pineapple Pastry (1/2 Kg),Sale,13,4376.22,0,4376.22,218.78,336.63,0,336.63,0,0,0,0,100%,19059010,Goods,Eggless Cakes,,"Vegetarian,Dessert",,,Eggless Pineapple Pastry,1/2 Kg,ea,
103,Item,White Forest (1/2 Kg),Sale,12,3788.53,0,3788.53,189.47,315.71,0,315.71,1845.03,153.75,0,0,51.30%,19059010,Goods,Cakes,Regular Cakes,"Non-vegetarian,Dessert",,,White Forest,1/2 Kg,ea,
103EL,Item,Eggless White Forest (1/2 Kg),Sale,2,666.66,0,666.66,33.34,333.33,0,333.33,364.04,182.02,0,0,45.39%,19059010,Goods,Eggless Cakes,,"Vegetarian,Dessert",,,Eggless White Forest,1/2 Kg,ea,
103ELSP,Item,Eggless White Forest (Special cake 1/2 kg),Sale,1,428.57,0,428.57,21.43,428.57,0,428.57,0,0,0,0,100%,19059010,Goods,Eggless Cakes,,"Vegetarian,Dessert",,,Eggless White Forest,Special cake 1/2 kg,ea,
103EOM,Item,Eggless White Forest (1/2 Kg),Sale,1,333.33,0,333.33,16.67,333.33,0,333.33,182.02,182.02,0,0,45.39%,19059010,Goods,Online Menu,,"Vegetarian,Dessert",,,Eggless White Forest,1/2 Kg,ea,
103OM,Item,White Forest (1/2 Kg),Sale,1,309.52,0,309.52,15.48,309.52,0,309.52,167.73,167.73,0,0,45.81%,19059010,Goods,Online Menu,Regular Cakes,"Non-vegetarian,Dessert",,,White Forest,1/2 Kg,ea,
104,Item,Chocolate Cheese Mousse (1/2 Kg),Sale,5,2166.65,0,2166.65,108.35,433.33,0,433.33,322.98,64.6,0,0,85.09%,19059010,Goods,Cakes,Mousse & Cheese Cakes,"Non-vegetarian,Dessert",,,Chocolate Cheese Mousse,1/2 Kg,ea,
104OM,Item,Chocolate Cheese Mousse (1/2 Kg),Sale,2,866.66,0,866.66,43.34,433.33,0,433.33,525.66,262.83,0,0,39.35%,19059010,Goods,Online Menu,Mousse & Cheese Cakes,"Non-vegetarian,Dessert",,,Chocolate Cheese Mousse,1/2 Kg,ea,
104SP,Item,Chocolate Cheese Mousse (Special cake 1/2 kg),Sale,1,528.57,0,528.57,26.43,528.57,0,528.57,0,0,0,0,100%,19059010,Goods,Cakes,Mousse & Cheese Cakes,"Non-vegetarian,Dessert",,,Chocolate Cheese Mousse,Special cake 1/2 kg,ea,
105,Item,Chocolate Mousse (1/2 Kg),Sale,3,1228.56,0,1228.56,61.44,409.52,0,409.52,0,0,0,0,100%,19059010,Goods,Cakes,Mousse & Cheese Cakes,"Non-vegetarian,Dessert",,,Chocolate Mousse,1/2 Kg,ea,
1050,Item,ButterScotch (2 Kg),Sale,2,2971.42,-74.29,2897.13,144.86,1485.71,-37.15,1448.57,869.57,434.79,0,0,69.99%,19059010,Goods,Cakes,Premium Cakes,"Non-vegetarian,Dessert",,,ButterScotch,2 Kg,ea,
105SP,Item,Chocolate Mousse (Special cake 1/2 kg),Sale,1,504.76,0,504.76,25.24,504.76,0,504.76,0,0,0,0,100%,19059010,Goods,Cakes,Mousse & Cheese Cakes,"Non-vegetarian,Dessert",,,Chocolate Mousse,Special cake 1/2 kg,ea,
106EL,Item,Eggless Chocolate Mars (1/2 Kg),Sale,1,457.14,0,457.14,22.86,457.14,0,457.14,0,0,0,0,100%,19059010,Goods,Eggless Cakes,,"Vegetarian,Dessert",,,Eggless Chocolate Mars,1/2 Kg,ea,
107,Item,Chocolate Truffle (1/2 Kg),Sale,21,9307.55,-181.9,9125.65,456.34,443.22,-8.66,434.55,5531.25,263.39,0,0,39.39%,19059010,Goods,Cakes,Premium Cakes,"Non-vegetarian,Dessert",,,Chocolate Truffle,1/2 Kg,ea,
107EL,Item,Eggless Chocolate Truffle (1/2 Kg),Sale,12,5704.74,0,5704.74,285.26,475.4,0,475.4,334.68,27.89,0,0,94.13%,19059010,Goods,Eggless Cakes,,"Vegetarian,Dessert",,,Eggless Chocolate Truffle,1/2 Kg,ea,
107EOM,Item,Eggless Chocolate Truffle (1/2 Kg),Sale,1,457.14,0,457.14,22.86,457.14,0,457.14,283.68,283.68,0,0,37.94%,19059010,Goods,Online Menu,,"Vegetarian,Dessert",,,Eggless Chocolate Truffle,1/2 Kg,ea,
107OM,Option,Chocolate Truffle (1/2 Kg),Sale,1,0,0,0,0,0,0,0,0,0,0,0,,19059010,Goods,Online Menu,Premium Cakes,,,,Chocolate Truffle,1/2 Kg,ea,
107SP,Item,Chocolate Truffle (Special cake 1/2 kg),Sale,3,1585.71,-26.43,1559.28,77.97,528.57,-8.81,519.76,0,0,0,0,100%,19059010,Goods,Cakes,Premium Cakes,"Non-vegetarian,Dessert",,,Chocolate Truffle,Special cake 1/2 kg,ea,
108,Item,Chocolate Butterscotch (1/2 Kg),Sale,4,1733.32,0,1733.32,86.68,433.33,0,433.33,520.3,130.08,0,0,69.98%,19059010,Goods,Cakes,Premium Cakes,"Non-vegetarian,Dessert",,,Chocolate Butterscotch,1/2 Kg,ea,
108SP,Item,Chocolate Butterscotch (Special cake 1/2 kg),Sale,1,528.57,0,528.57,26.43,528.57,0,528.57,0,0,0,0,100%,19059010,Goods,Cakes,Premium Cakes,"Non-vegetarian,Dessert",,,Chocolate Butterscotch,Special cake 1/2 kg,ea,
109,Item,Wonder Chocolate (1/2 Kg),Sale,3,1285.71,0,1285.71,64.29,428.57,0,428.57,0,0,0,0,100%,19059010,Goods,Cakes,Regular Cakes,"Non-vegetarian,Dessert",,,Wonder Chocolate,1/2 Kg,ea,
10EL,Item,Eggless Celebration (1 Pcs),Sale,1,85.71,0,85.71,4.29,85.71,0,85.71,0,0,0,0,100%,19059010,Goods,Eggless Cakes,,"Vegetarian,Dessert",,,Eggless Celebration,1 Pcs,ea,
110,Item,Celebration (1/2 Kg),Sale,2,942.86,0,942.86,47.14,471.43,0,471.43,319.37,159.69,0,0,66.13%,19059010,Goods,Cakes,Something Special,"Non-vegetarian,Dessert",,,Celebration,1/2 Kg,ea,
113,Item,Pure Chocolate (1/2 Kg),Sale,7,2733.36,0,2733.36,136.64,390.48,0,390.48,648.16,92.59,0,0,76.29%,19059010,Goods,Cakes,Regular Cakes,"Non-vegetarian,Dessert",,,Pure Chocolate,1/2 Kg,ea,
114,Item,ButterScotch (1/2 Kg),Sale,6,2285.7,0,2285.7,114.3,380.95,0,380.95,160.5,26.75,0,0,92.98%,19059010,Goods,Cakes,Premium Cakes,"Non-vegetarian,Dessert",,,ButterScotch,1/2 Kg,ea,
114EL,Item,Eggless Butterscotch (1/2 Kg),Return,-1,-404.76,0,-404.76,-20.24,404.76,0,404.76,-45.08,45.08,0,0,88.86%,19059010,Goods,Eggless Cakes,,"Vegetarian,Dessert",,,Eggless Butterscotch,1/2 Kg,ea,
114EL,Item,Eggless Butterscotch (1/2 Kg),Sale,7,2930.46,0,2930.46,146.53,418.64,0,418.64,315.56,45.08,0,0,89.23%,19059010,Goods,Eggless Cakes,,"Vegetarian,Dessert",,,Eggless Butterscotch,1/2 Kg,ea,
114ELSP,Item,Eggless Butterscotch (Special cake 1/2 kg),Sale,1,500,0,500,25,500,0,500,0,0,0,0,100%,19059010,Goods,Eggless Cakes,,"Vegetarian,Dessert",,,Eggless Butterscotch,Special cake 1/2 kg,ea,
114EOM,Item,Eggless Butterscotch (1/2 Kg),Sale,1,404.76,0,404.76,20.24,404.76,0,404.76,292.44,292.44,0,0,27.75%,19059010,Goods,Online Menu,,"Vegetarian,Dessert",,,Eggless Butterscotch,1/2 Kg,ea,
115,Item,Galaxy (1/2 Kg),Sale,3,1299.99,0,1299.99,65.01,433.33,0,433.33,545.26,181.75,0,0,58.06%,19059010,Goods,Cakes,Mousse & Cheese Cakes,"Non-vegetarian,Dessert",,,Galaxy,1/2 Kg,ea,
115EL,Item,Eggless Galaxy (1/2 Kg),Sale,2,914.28,0,914.28,45.72,457.14,0,457.14,0,0,0,0,100%,19059010,Goods,Eggless Cakes,,"Vegetarian,Dessert",,,Eggless Galaxy,1/2 Kg,ea,
116,Item,Mango Mousse (1/2 Kg),Sale,1,433.33,0,433.33,21.67,433.33,0,433.33,21.46,21.46,0,0,95.05%,19059010,Goods,Cakes,Mousse & Cheese Cakes,"Non-vegetarian,Dessert",,,Mango Mousse,1/2 Kg,ea,
116OM,Item,Mango Mousse (1/2 Kg),Sale,1,433.33,0,433.33,21.67,433.33,0,433.33,252.54,252.54,0,0,41.72%,19059010,Goods,Online Menu,Mousse & Cheese Cakes,"Non-vegetarian,Dessert",,,Mango Mousse,1/2 Kg,ea,
1181,Item,White Forest (2 Kg),Sale,1,1200,0,1200,60,1200,0,1200,658.84,658.84,0,0,45.10%,19059010,Goods,Cakes,Regular Cakes,"Non-vegetarian,Dessert",,,White Forest,2 Kg,ea,
1182,Item,White Forest (2.5 kg),Sale,1,1500,-95.24,1404.76,70.24,1500,-95.24,1404.76,825.23,825.23,0,0,41.25%,19059010,Goods,Cakes,Regular Cakes,"Non-vegetarian,Dessert",,,White Forest,2.5 kg,ea,
1183,Item,White Forest (3 Kg),Sale,1,1800,0,1800,90,1800,0,1800,977.19,977.19,0,0,45.71%,19059010,Goods,Cakes,Regular Cakes,"Non-vegetarian,Dessert",,,White Forest,3 Kg,ea,
1193,Item,Black Forest (3 Kg),Sale,2,3428.58,0,3428.58,171.42,1714.29,0,1714.29,976.32,488.16,0,0,71.52%,19059010,Goods,Cakes,Regular Cakes,"Non-vegetarian,Dessert",,,Black Forest,3 Kg,ea,
1197,Item,Black Forest (1.5 Kg),Sale,3,2777.14,0,2777.14,138.86,925.71,0,925.71,0,0,0,0,100%,19059010,Goods,Cakes,Regular Cakes,"Non-vegetarian,Dessert",,,Black Forest,1.5 Kg,ea,
1198,Item,Black Forest (2 Kg),Sale,4,4571.44,-152.38,4419.06,220.95,1142.86,-38.1,1104.77,2608.44,652.11,0,0,40.97%,19059010,Goods,Cakes,Regular Cakes,"Non-vegetarian,Dessert",,,Black Forest,2 Kg,ea,
123,Item,Tiramisu (1/2 Kg),Sale,3,1428.57,0,1428.57,71.43,476.19,0,476.19,865.53,288.51,0,0,39.41%,19059010,Goods,Cakes,Mousse & Cheese Cakes,"Non-vegetarian,Dessert",,,Tiramisu,1/2 Kg,ea,
123EL,Item,Eggless Tiramisu (1/2 Kg),Sale,1,500,0,500,25,500,0,500,0,0,0,0,100%,19059010,Goods,Eggless Cakes,,"Vegetarian,Dessert",,,Eggless Tiramisu,1/2 Kg,ea,
124,Item,Fruit Truffle (1/2 Kg),Sale,1,537.14,0,537.14,26.86,537.14,0,537.14,264.51,264.51,0,0,50.76%,19059010,Goods,Cakes,Exotic Fruitz,"Non-vegetarian,Dessert",,,Fruit Truffle,1/2 Kg,ea,
124EOM,Item,Eggless Fruit Truffle (1/2 Kg),Sale,1,457.14,0,457.14,22.86,457.14,0,457.14,271.12,271.12,0,0,40.69%,19059010,Goods,Online Menu,,"Vegetarian,Dessert",,,Eggless Fruit Truffle,1/2 Kg,ea,
125,Item,Fruit Forest (1/2 Kg),Sale,1,537.14,0,537.14,26.86,537.14,0,537.14,266.87,266.87,0,0,50.32%,19059010,Goods,Cakes,Exotic Fruitz,"Non-vegetarian,Dessert",,,Fruit Forest,1/2 Kg,ea,
127,Item,Blueberry (1/2 Kg),Sale,6,2561.92,0,2561.92,128.08,426.99,0,426.99,1238.7,206.45,0,0,51.65%,19059010,Goods,Cakes,Exotic Fruitz,"Non-vegetarian,Dessert",,,Blueberry,1/2 Kg,ea,
127EL,Item,Eggless Blueberry (1/2 Kg),Sale,5,2196.2,0,2196.2,109.8,439.24,0,439.24,0,0,0,0,100%,19059010,Goods,Eggless Cakes,,"Vegetarian,Dessert",,,Eggless Blueberry,1/2 Kg,ea,
127OM,Option,Blueberry (1/2 Kg),Sale,1,0,0,0,0,0,0,0,0,0,0,0,,19059010,Goods,Online Menu,Exotic Fruitz,,,,Blueberry,1/2 Kg,ea,
1284,Item,Opera (2 Kg),Sale,1,1847.62,0,1847.62,92.38,1847.62,0,1847.62,1094.43,1094.43,0,0,40.77%,19059010,Goods,Cakes,Something Special,"Non-vegetarian,Dessert",,,Opera,2 Kg,ea,
13,Item,Pure Chocolate (1 Pcs),Sale,28,2017.18,0,2017.18,100.83,72.04,0,72.04,854.86,30.53,0,0,57.62%,19059010,Goods,Cakes,Regular Cakes,"Non-vegetarian,Dessert",,,Pure Chocolate,1 Pcs,ea,
130,Item,Triple Queen (1/2 Kg),Sale,8,3771.44,0,3771.44,188.56,471.43,0,471.43,2263.21,282.9,0,0,39.99%,19059010,Goods,Cakes,Something Special,"Non-vegetarian,Dessert",,,Triple Queen,1/2 Kg,ea,
130EL,Item,Eggless Triple Queen (1/2 Kg),Sale,4,2219.06,0,2219.06,110.94,554.77,0,554.77,351.78,87.95,0,0,84.15%,19059010,Goods,Eggless Cakes,,"Vegetarian,Dessert",,,Eggless Triple Queen,1/2 Kg,ea,
130SP,Item,Triple Queen (Special cake 1/2 kg),Sale,2,1133.34,0,1133.34,56.66,566.67,0,566.67,0,0,0,0,100%,19059010,Goods,Cakes,Something Special,"Non-vegetarian,Dessert",,,Triple Queen,Special cake 1/2 kg,ea,
131,Item,Pineapple Tidbits (1/2 Kg),Sale,4,1837.13,0,1837.13,91.87,459.28,0,459.28,794.64,198.66,0,0,56.75%,19059010,Goods,Cakes,Exotic Fruitz,"Non-vegetarian,Dessert",,,Pineapple Tidbits,1/2 Kg,ea,
1312,Item,Sponge Cake (1 Pcs (50Gms)),Sale,1,24.76,0,24.76,1.24,24.76,0,24.76,0,0,0,0,100%,19059010,Goods,Dry Items,Dry Cakes,"Non-vegetarian,Dessert",,,Sponge Cake,1 Pcs (50Gms),ea,
131EL,Item,Eggless Pineapple Tidbits (1/2 Kg),Sale,1,457.14,0,457.14,22.86,457.14,0,457.14,0,0,0,0,100%,19059010,Goods,Eggless Cakes,,"Vegetarian,Dessert",,,Eggless Pineapple Tidbits,1/2 Kg,ea,
131EOM,Item,Eggless Pineapple Tidbits (1/2 Kg),Sale,1,457.14,0,457.14,22.86,457.14,0,457.14,274.6,274.6,0,0,39.93%,19059010,Goods,Online Menu,,"Vegetarian,Dessert",,,Eggless Pineapple Tidbits,1/2 Kg,ea,
1334,Item,Triple Queen (1.5 Kg),Sale,1,1385.71,0,1385.71,69.29,1385.71,0,1385.71,821.59,821.59,0,0,40.71%,19059010,Goods,Cakes,Something Special,"Non-vegetarian,Dessert",,,Triple Queen,1.5 Kg,ea,
1335,Item,Triple Queen (2 Kg),Sale,1,1847.62,0,1847.62,92.38,1847.62,0,1847.62,1081.69,1081.69,0,0,41.45%,19059010,Goods,Cakes,Something Special,"Non-vegetarian,Dessert",,,Triple Queen,2 Kg,ea,
137,Add On,Rich Plum Cake (1/2 Kg),Sale,1,366.67,0,366.67,18.33,366.67,0,366.67,260,260,0,0,29.09%,18069010,Goods,Plum Cake,,,,,Rich Plum Cake,1/2 Kg,ea,
137,Item,Rich Plum Cake (1/2 Kg),Sale,107,39233.47,-172.32,39061.15,1953.04,366.67,-1.61,365.06,24470.73,228.7,0,0,37.35%,19059010,Goods,Plum Cake,,"Non-vegetarian,Dessert",,,Rich Plum Cake,1/2 Kg,ea,
14,Item,ButterScotch (1 Pcs),Sale,47,3133.42,0,3133.42,156.68,66.67,0,66.67,1351.2,28.75,0,0,56.88%,19059010,Goods,Cakes,Premium Cakes,"Non-vegetarian,Dessert",,,ButterScotch,1 Pcs,ea,
144,Item,Sponge Cake (1/4 kg),Sale,149,18447.69,0,18447.69,922.31,123.81,0,123.81,12133.8,81.43,0,0,34.23%,19059010,Goods,Dry Items,Dry Cakes,"Non-vegetarian,Dessert",,,Sponge Cake,1/4 kg,ea,
1483,Item,Eggless Pineapple Pastry (1.5 Kg),Sale,2,1857.14,0,1857.14,92.86,928.57,0,928.57,0,0,0,0,100%,19059010,Goods,Eggless Cakes,,"Vegetarian,Dessert",,,Eggless Pineapple Pastry,1.5 Kg,ea,
1485,Item,Eggless Pineapple Pastry (2 Kg),Sale,2,2476.2,-61.9,2414.3,120.72,1238.1,-30.95,1207.15,1322.16,661.08,0,0,45.24%,19059010,Goods,Eggless Cakes,,"Vegetarian,Dessert",,,Eggless Pineapple Pastry,2 Kg,ea,
14EL,Item,Eggless Butterscotch (1 Pcs),Sale,36,2605.76,0,2605.76,130.25,72.38,0,72.38,1086.87,30.19,0,0,58.29%,19059010,Goods,Eggless Cakes,,"Vegetarian,Dessert",,,Eggless Butterscotch,1 Pcs,ea,
14EOM,Item,Eggless Butterscotch (1 Pcs),Sale,3,214.29,0,214.29,10.71,71.43,0,71.43,118.96,39.65,0,0,44.49%,19059010,Goods,Online Menu,,"Vegetarian,Dessert",,,Eggless Butterscotch,1 Pcs,ea,
15,Item,Galaxy (1 Pcs),Sale,42,3199.98,0,3199.98,160.02,76.19,0,76.19,1454.13,34.62,0,0,54.56%,19059010,Goods,Cakes,Mousse & Cheese Cakes,"Non-vegetarian,Dessert",,,Galaxy,1 Pcs,ea,
150,Item,Blueberry Mousse Cheese (1/2 Kg),Sale,1,533.33,0,533.33,26.67,533.33,0,533.33,316.08,316.08,0,0,40.73%,19059010,Goods,Cakes,Mousse & Cheese Cakes,"Non-vegetarian,Dessert",,,Blueberry Mousse Cheese,1/2 Kg,ea,
15058,Item,CAKE TOPPER RECTANGLE SHAPE,Sale,2,169.5,0,169.5,30.52,84.75,0,84.75,114.74,57.37,0,0,32.31%,95059090,Goods,Birthday Items,,"Vegetarian,Dessert",,,CAKE TOPPER RECTANGLE SHAPE,,ea,
15059,Item,HAPPY BIRTHDAY  CAKE TOPPER,Sale,8,554.26,0,554.26,99.74,69.28,0,69.28,391.2,48.9,0,0,29.42%,95059090,Goods,Birthday Items,,"Vegetarian,Dessert",,,HAPPY BIRTHDAY  CAKE TOPPER,,ea,
15061,Item,TWISTER COLOR CANDLES,Sale,1,58.1,0,58.1,2.91,58.1,0,58.1,44.05,44.05,0,0,24.18%,34060010,Goods,Birthday Items,,"Vegetarian,Dessert",,,TWISTER COLOR CANDLES,,ea,
15063,Item,HEART CANDLE 4 IN 1,Sale,4,361.92,0,361.92,18.08,90.48,0,90.48,244.96,61.24,0,0,32.32%,34060010,Goods,Birthday Items,,"Vegetarian,Dessert",,,HEART CANDLE 4 IN 1,,ea,
150EL,Item,Eggless Blueberry Mousse Cheese (1/2 Kg),Sale,3,1671.42,0,1671.42,83.58,557.14,0,557.14,0,0,0,0,100%,19059010,Goods,Eggless Cakes,,"Vegetarian,Dessert",,,Eggless Blueberry Mousse Cheese,1/2 Kg,ea,
151,Item,Chocolate Chillz (1/2 Kg),Sale,2,914.28,0,914.28,45.72,457.14,0,457.14,20.34,10.17,0,0,97.78%,19059010,Goods,Cakes,Something Special,"Non-vegetarian,Dessert",,,Chocolate Chillz,1/2 Kg,ea,
15101,Item,Star Candle,Sale,4,285.72,0,285.72,14.28,71.43,0,71.43,222.84,55.71,0,0,22.01%,34060090,Goods,Birthday Items,,"Vegetarian,Dessert",,,Star Candle,,ea,
15104,Item,3D Butterfly Decoration,Sale,1,89.83,0,89.83,16.17,89.83,0,89.83,74.92,74.92,0,0,16.60%,95051000,Goods,Birthday Items,,"Vegetarian,Dessert",,,3D Butterfly Decoration,,ea,
15105,Item,Cake Topper Boy,Sale,3,241.53,0,241.53,43.47,80.51,0,80.51,173.25,57.75,0,0,28.27%,95051000,Goods,Birthday Items,,"Vegetarian,Dessert",,,Cake Topper Boy,,ea,
15107,Item,Cake Topper Anniversary,Sale,2,152.54,0,152.54,27.46,76.27,0,76.27,111.28,55.64,0,0,27.05%,95051000,Goods,Birthday Items,,"Vegetarian,Dessert",,,Cake Topper Anniversary,,ea,
15109,Item,Golden Crown,Sale,2,179.66,0,179.66,32.34,89.83,0,89.83,129.84,64.92,0,0,27.73%,95051000,Goods,Birthday Items,,"Vegetarian,Dessert",,,Golden Crown,,ea,
1511,Item,Eggless Chocolate Mousse (1.5 Kg),Sale,1,1271.43,-127.14,1144.29,57.21,1271.43,-127.14,1144.29,766.03,766.03,0,0,33.06%,19059010,Goods,Eggless Cakes,,"Vegetarian,Dessert",,,Eggless Chocolate Mousse,1.5 Kg,ea,
15125,Item,Paper Boat Yummy Guava 125 ML,Sale,26,247.59,0,247.59,12.39,9.52,0,9.52,206.25,7.93,0,0,16.70%,22029930,Goods,Soft Drinks,,"Vegetarian,Beverage",,,Paper Boat Yummy Guava 125 ML,,ea,
15126,Item,Paper Boat Slurpy Mango 125 ML,Sale,29,276.12,0,276.12,13.85,9.52,0,9.52,222.75,7.68,0,0,19.33%,22029930,Goods,Soft Drinks,,"Vegetarian,Beverage",,,Paper Boat Slurpy Mango 125 ML,,ea,
15127,Item,Paper Boat Pulpy Orange 125 ML,Sale,5,47.62,0,47.62,2.38,9.52,0,9.52,41.25,8.25,0,0,13.38%,22029930,Goods,Soft Drinks,,"Vegetarian,Beverage",,,Paper Boat Pulpy Orange 125 ML,,ea,
15128,Item,Paper Boat Lush Lychee 125 ML,Sale,57,542.79,0,542.79,27.15,9.52,0,9.52,445.5,7.82,0,0,17.92%,22029930,Goods,Soft Drinks,,"Vegetarian,Beverage",,,Paper Boat Lush Lychee 125 ML,,ea,
15129,Item,Paper Boat Mixed Fruit Medley 125 ML,Sale,5,47.62,0,47.62,2.38,9.52,0,9.52,41.25,8.25,0,0,13.38%,22029930,Goods,Soft Drinks,,"Vegetarian,Beverage",,,Paper Boat Mixed Fruit Medley 125 ML,,ea,
15130,Item,Paper Boat Tasty Apple 125 ML,Sale,1,9.52,0,9.52,0.48,9.52,0,9.52,0,0,0,0,100%,22029930,Goods,Soft Drinks,,"Vegetarian,Beverage",,,Paper Boat Tasty Apple 125 ML,,ea,
15134,Item,Smoodh Chocolate - 80ml,Sale,63,599.95,0,599.95,30.03,9.52,0,9.52,416.58,6.61,0,0,30.56%,22029930,Goods,Soft Drinks,,"Vegetarian,Beverage",,,Smoodh Chocolate - 80ml,,ea,
15135,Item,Smoodh Caremel - 80ml,Sale,58,552.34,0,552.34,27.65,9.52,0,9.52,455.88,7.86,0,0,17.46%,22029930,Goods,Soft Drinks,,"Vegetarian,Beverage",,,Smoodh Caremel - 80ml,,ea,
15136,Item,Smoodh Hazelnut - 80ml,Sale,37,352.27,0,352.27,17.63,9.52,0,9.52,290.82,7.86,0,0,17.44%,22029930,Goods,Soft Drinks,,"Vegetarian,Beverage",,,Smoodh Hazelnut - 80ml,,ea,
1514,Item,Eggless Chocolate Truffle (1.5 Kg),Sale,2,2685.72,-83.93,2601.79,130.09,1342.86,-41.97,1300.9,1616.5,808.25,0,0,37.87%,19059010,Goods,Eggless Cakes,,"Vegetarian,Dessert",,,Eggless Chocolate Truffle,1.5 Kg,ea,
1516,Item,Eggless Chocolate Truffle (2 Kg),Sale,6,10742.88,0,10742.88,537.12,1790.48,0,1790.48,6386.4,1064.4,0,0,40.55%,19059010,Goods,Eggless Cakes,,"Vegetarian,Dessert",,,Eggless Chocolate Truffle,2 Kg,ea,
151OM,Item,Chocolate Chillz (1/2 Kg),Sale,1,457.14,0,457.14,22.86,457.14,0,457.14,277.65,277.65,0,0,39.26%,19059010,Goods,Online Menu,Something Special,"Non-vegetarian,Dessert",,,Chocolate Chillz,1/2 Kg,ea,
151SP,Item,Chocolate Chillz (Special cake 1/2 kg),Sale,1,552.38,0,552.38,27.62,552.38,0,552.38,0,0,0,0,100%,19059010,Goods,Cakes,Something Special,"Non-vegetarian,Dessert",,,Chocolate Chillz,Special cake 1/2 kg,ea,
1522,Item,Eggless Chocolate Almond Pastry (2 Kg),Sale,1,1942.86,-97.14,1845.72,92.29,1942.86,-97.14,1845.72,1147.33,1147.33,0,0,37.84%,19059010,Goods,Eggless Cakes,,"Vegetarian,Dessert",,,Eggless Chocolate Almond Pastry,2 Kg,ea,
1540,Item,Vanilla Almond Pastry (1.5 Kg),Sale,1,1271.43,0,1271.43,63.57,1271.43,0,1271.43,766.5,766.5,0,0,39.71%,19059010,Goods,Cakes,Something Special,"Non-vegetarian,Dessert",,,Vanilla Almond Pastry,1.5 Kg,ea,
1543,Item,Vanilla Almond Pastry (2 Kg),Sale,1,1695.24,0,1695.24,84.76,1695.24,0,1695.24,990.26,990.26,0,0,41.59%,19059010,Goods,Cakes,Something Special,"Non-vegetarian,Dessert",,,Vanilla Almond Pastry,2 Kg,ea,
1547,Item,Black Currant (2 Kg),Sale,1,1619.05,0,1619.05,80.95,1619.05,0,1619.05,0,0,0,0,100%,19059010,Goods,Cakes,Premium Cakes,"Non-vegetarian,Dessert",,,Black Currant,2 Kg,ea,
1551,Item,Blueberry (2 Kg),Sale,1,1542.86,0,1542.86,77.14,1542.86,0,1542.86,0,0,0,0,100%,19059010,Goods,Cakes,Exotic Fruitz,"Non-vegetarian,Dessert",,,Blueberry,2 Kg,ea,
1566,Item,Eggless Black Forest (1.5 Kg),Sale,1,928.57,0,928.57,46.43,928.57,0,928.57,0,0,0,0,100%,19059010,Goods,Eggless Cakes,,"Vegetarian,Dessert",,,Eggless Black Forest,1.5 Kg,ea,
159,Item,Eggless Fruit Truffle (2 Kg),Sale,1,1790.48,0,1790.48,89.52,1790.48,0,1790.48,106.28,106.28,0,0,94.06%,19059010,Goods,Eggless Cakes,,"Vegetarian,Dessert",,,Eggless Fruit Truffle,2 Kg,ea,
15EL,Item,Eggless Galaxy (1 Pcs),Sale,12,971.41,0,971.41,48.58,80.95,0,80.95,547.26,45.61,0,0,43.66%,19059010,Goods,Eggless Cakes,,"Vegetarian,Dessert",,,Eggless Galaxy,1 Pcs,ea,
16,Item,Mango Mousse (1 Pcs),Sale,46,3504.74,0,3504.74,175.26,76.19,0,76.19,1584.8,34.45,0,0,54.78%,19059010,Goods,Cakes,Mousse & Cheese Cakes,"Non-vegetarian,Dessert",,,Mango Mousse,1 Pcs,ea,
160,Item,Six Wonders (1/2 Kg),Sale,12,5657.16,0,5657.16,282.84,471.43,0,471.43,1066.56,88.88,0,0,81.15%,19059010,Goods,Cakes,Something Special,"Non-vegetarian,Dessert",,,Six Wonders,1/2 Kg,ea,
160SP,Item,Six Wonders (Special cake 1/2 kg),Sale,1,702.86,0,702.86,35.14,702.86,0,702.86,0,0,0,0,100%,19059010,Goods,Cakes,Something Special,"Non-vegetarian,Dessert",,,Six Wonders,Special cake 1/2 kg,ea,
1614,Item,Eggless Chocolate Cheese Mousse (1/2 Kg),Sale,2,914.28,0,914.28,45.72,457.14,0,457.14,40.1,20.05,0,0,95.61%,19059010,Goods,Eggless Cakes,,"Vegetarian,Dessert",,,Eggless Chocolate Cheese Mousse,1/2 Kg,ea,
1615,Item,Eggless Chocolate Mousse (1/2 Kg),Sale,2,866.66,0,866.66,43.34,433.33,0,433.33,0,0,0,0,100%,19059010,Goods,Eggless Cakes,,"Vegetarian,Dessert",,,Eggless Chocolate Mousse,1/2 Kg,ea,
1616,Item,Eggless Mango Mousse (1 Pcs),Sale,1,80.95,0,80.95,4.05,80.95,0,80.95,0,0,0,0,100%,19059010,Goods,Eggless Cakes,,"Vegetarian,Dessert",,,Eggless Mango Mousse,1 Pcs,ea,
1631,Item,Eggless Chocolate Mars (2 Kg),Sale,1,1790.48,0,1790.48,89.52,1790.48,0,1790.48,1043.15,1043.15,0,0,41.74%,19059010,Goods,Eggless Cakes,,"Vegetarian,Dessert",,,Eggless Chocolate Mars,2 Kg,ea,
1639,Item,Fruit Forest (1.5 Kg),Sale,1,1271.43,0,1271.43,63.57,1271.43,0,1271.43,749.27,749.27,0,0,41.07%,19059010,Goods,Cakes,Exotic Fruitz,"Non-vegetarian,Dessert",,,Fruit Forest,1.5 Kg,ea,
1691,Item,ButterScotch (1.5 Kg),Sale,1,1114.29,-55.71,1058.58,52.93,1114.29,-55.71,1058.58,677.06,677.06,0,0,36.04%,19059010,Goods,Cakes,Premium Cakes,"Non-vegetarian,Dessert",,,ButterScotch,1.5 Kg,ea,
1693,Item,Black Forest (Special cake 1/2 Kg),Sale,1,483.81,0,483.81,24.19,483.81,0,483.81,0,0,0,0,100%,19059010,Goods,Cakes,Regular Cakes,"Non-vegetarian,Dessert",,,Black Forest,Special cake 1/2 Kg,ea,
1708,Item,White Forest (Special Cake 1/2 Kg),Sale,1,404.76,0,404.76,20.24,404.76,0,404.76,0,0,0,0,100%,19059010,Goods,Cakes,Regular Cakes,"Non-vegetarian,Dessert",,,White Forest,Special Cake 1/2 Kg,ea,
1709,Item,White Forest (Special Cake 1 Kg),Sale,1,719.05,0,719.05,35.95,719.05,0,719.05,0,0,0,0,100%,19059010,Goods,Cakes,Regular Cakes,"Non-vegetarian,Dessert",,,White Forest,Special Cake 1 Kg,ea,
1713,Item,Chocolate Mars (Special Cake 1 Kg),Sale,1,966.67,0,966.67,48.33,966.67,0,966.67,0,0,0,0,100%,19059010,Goods,Cakes,Premium Cakes,"Non-vegetarian,Dessert",,,Chocolate Mars,Special Cake 1 Kg,ea,
1745OM,Item,Burger Bun 2Pcs,Sale,15,600,0,600,0,40,0,40,420,28,0,0,30%,19054000,Goods,Snacks,Bun,"Vegetarian,Dessert",,,Burger Bun 2Pcs,,pkt,
1773,Item,Eggless Red velvet cake (1 Pcs),Sale,34,2935.11,0,2935.11,146.8,86.33,0,86.33,1410.63,41.49,0,0,51.94%,19059010,Goods,Eggless Cakes,,"Vegetarian,Dessert",,,Eggless Red velvet cake,1 Pcs,ea,
1775,Item,Eggless Red velvet cake (1/2 Kg),Sale,3,1604.77,0,1604.77,80.23,534.92,0,534.92,0,0,0,0,100%,19059010,Goods,Eggless Cakes,,"Vegetarian,Dessert",,,Eggless Red velvet cake,1/2 Kg,ea,
180,Item,Vanilla Almond Pastry (1/2 Kg),Sale,2,866.66,-21.67,844.99,42.25,433.33,-10.84,422.5,0,0,0,0,100%,19059010,Goods,Cakes,Something Special,"Non-vegetarian,Dessert",,,Vanilla Almond Pastry,1/2 Kg,ea,
180EL,Item,Eggless Vanilla Almond Pastry (1/2 Kg),Sale,2,914.28,-22.86,891.42,44.57,457.14,-11.43,445.71,0,0,0,0,100%,19059010,Goods,Eggless Cakes,,"Vegetarian,Dessert",,,Eggless Vanilla Almond Pastry,1/2 Kg,ea,
1828,Item,BC Black Forest,Sale,0.2,114.29,0,114.29,5.71,571.45,0,571.45,60.61,303.05,0,0,46.97%,19059010,Goods,Big Cakes,,"Non-vegetarian,Dessert",,,BC Black Forest,,kg,
1831,Item,BC Blueberry Cheese Mousse,Sale,0.6,628.58,0,628.58,31.43,1047.63,0,1047.63,352.36,587.27,0,0,43.94%,19059010,Goods,Big Cakes,,"Non-vegetarian,Dessert",,,BC Blueberry Cheese Mousse,,kg,
1832,Item,BC Celebrations,Sale,0.3,277.14,0,277.14,13.86,923.8,0,923.8,41.04,136.8,0,0,85.19%,19059010,Goods,Big Cakes,,"Non-vegetarian,Dessert",,,BC Celebrations,,kg,
1839,Item,BC Chocolate Mousse,Sale,2.5,2000,0,2000,100,800,0,800,1130.99,452.4,0,0,43.45%,19059010,Goods,Big Cakes,,"Non-vegetarian,Dessert",,,BC Chocolate Mousse,,kg,
1845,Item,BC Eggless Black Forest,Sale,2,1238.1,0,1238.1,61.91,619.05,0,619.05,663.27,331.64,0,0,46.43%,19059010,Goods,Big Cakes,,"Vegetarian,Dessert",,,BC Eggless Black Forest,,kg,
1847,Item,BC Eggless Bluebrry Cheese Mousse,Sale,0.75,821.43,0,821.43,41.07,1095.24,0,1095.24,465.64,620.85,0,0,43.31%,19059010,Goods,Big Cakes,,"Vegetarian,Dessert",,,BC Eggless Bluebrry Cheese Mousse,,kg,
1852,Item,BC Eggless Chocolate Cheese Mousse,Sale,1.05,940,0,940,47,895.24,0,895.24,535.27,509.78,0,0,43.06%,19059010,Goods,Big Cakes,,"Vegetarian,Dessert",,,BC Eggless Chocolate Cheese Mousse,,kg,
1859,Item,BC Eggless Chocolate Truffle,Sale,4,3580.95,-179.05,3401.9,170.1,895.24,-44.76,850.48,1984.45,496.11,0,0,41.67%,19059010,Goods,Big Cakes,,"Vegetarian,Dessert",,,BC Eggless Chocolate Truffle,,kg,
1896,Item,BC Galaxy,Sale,0.58,491.62,0,491.62,24.58,847.62,0,847.62,273.39,471.36,0,0,44.39%,19059010,Goods,Big Cakes,,"Non-vegetarian,Dessert",,,BC Galaxy,,kg,
1909,Item,BC Pure Chocolate,Sale,2.16,1645.71,-82.29,1563.42,78.17,761.9,-38.1,723.81,1306.78,604.99,0,0,16.42%,19059010,Goods,Big Cakes,,"Non-vegetarian,Dessert",,,BC Pure Chocolate,,kg,
1918,Item,BC Six Wonders,Sale,0.73,669.76,0,669.76,33.48,917.48,0,917.48,378.26,518.16,0,0,43.52%,19059010,Goods,Big Cakes,,"Non-vegetarian,Dessert",,,BC Six Wonders,,kg,
1924,Item,BC White Forest,Sale,2.2,1320,-100.71,1219.29,60.96,600,-45.78,554.22,674.14,306.43,0,0,44.71%,19059010,Goods,Big Cakes,,"Non-vegetarian,Dessert",,,BC White Forest,,kg,
1948,Item,Rich plum cake Pure Choc IC (1 Pcs),Sale,1,41.91,0,41.91,2.1,41.91,0,41.91,0,0,0,0,100%,19059010,Goods,Plum Cake,,"Vegetarian,Dessert",,,Rich plum cake Pure Choc IC,1 Pcs,ea,
1964,Item,Red velvet cake (1 Pcs),Sale,92,7580.82,0,7580.82,379.09,82.4,0,82.4,3558.09,38.67,0,0,53.06%,19059010,Goods,Cakes,Something Special,"Non-vegetarian,Dessert",,,Red velvet cake,1 Pcs,ea,
1965,Item,Red velvet cake (1/2 kg),Sale,12,5770.49,0,5770.49,288.51,480.87,0,480.87,2601.56,216.8,0,0,54.92%,19059010,Goods,Cakes,Something Special,"Non-vegetarian,Dessert",,,Red velvet cake,1/2 kg,ea,
1965OM,Option,Red velvet cake (1/2 kg),Sale,1,0,0,0,0,0,0,0,0,0,0,0,,19059010,Goods,Online Menu,Something Special,,,,Red velvet cake,1/2 kg,ea,
1966,Item,Red velvet cake (1 kg),Sale,2,1847.62,0,1847.62,92.38,923.81,0,923.81,0,0,0,0,100%,19059010,Goods,Cakes,Something Special,"Non-vegetarian,Dessert",,,Red velvet cake,1 kg,ea,
1994OM,Item,Sandwich Bun 5Pcs,Sale,32,1600,0,1600,0,50,0,50,975.85,30.5,0,0,39.01%,19054000,Goods,Snacks,Bun,"Vegetarian,Dessert",,,Sandwich Bun 5Pcs,,pkt,
1EL,Item,Eggless Black Forest (1 Pcs),Sale,62,3569.47,-2.86,3566.61,178.28,57.57,-0.05,57.53,1555.81,25.09,0,0,56.38%,19059010,Goods,Eggless Cakes,,"Vegetarian,Dessert",,,Eggless Black Forest,1 Pcs,ea,
1EOM,Item,Eggless Black Forest (1 Pcs),Sale,3,171.43,0,171.43,8.57,57.14,0,57.14,97.9,32.63,0,0,42.89%,19059010,Goods,Online Menu,,"Vegetarian,Dessert",,,Eggless Black Forest,1 Pcs,ea,
2,Item,Pineapple Pastry (1 Pcs),Sale,99,5259.9,-2.1,5257.8,262.96,53.13,-0.02,53.11,2206.68,22.29,0,0,58.03%,19059010,Goods,Cakes,Regular Cakes,"Non-vegetarian,Dessert",,,Pineapple Pastry,1 Pcs,ea,
20,Item,Black Currant (1 Pcs),Sale,33,2374.33,0,2374.33,118.68,71.95,0,71.95,1132.15,34.31,0,0,52.32%,19059010,Goods,Cakes,Premium Cakes,"Non-vegetarian,Dessert",,,Black Currant,1 Pcs,ea,
200,Item,Black Forest (1 Kg),Sale,14,8137.15,-257.14,7880.01,394,581.23,-18.37,562.86,0,0,0,0,100%,19059010,Goods,Cakes,Regular Cakes,"Non-vegetarian,Dessert",,,Black Forest,1 Kg,ea,
200EL,Item,Eggless Black Forest (1 Kg),Sale,6,3714.3,-61.9,3652.4,182.62,619.05,-10.32,608.73,0,0,0,0,100%,19059010,Goods,Eggless Cakes,,"Vegetarian,Dessert",,,Eggless Black Forest,1 Kg,ea,
201,Item,Pineapple Pastry (1 Kg),Sale,1,571.43,0,571.43,28.57,571.43,0,571.43,0,0,0,0,100%,19059010,Goods,Cakes,Regular Cakes,"Non-vegetarian,Dessert",,,Pineapple Pastry,1 Kg,ea,
201EL,Item,Eggless Pineapple Pastry (1 Kg),Sale,3,1857.15,-30.95,1826.2,91.31,619.05,-10.32,608.73,1086.18,362.06,0,0,40.52%,19059010,Goods,Eggless Cakes,,"Vegetarian,Dessert",,,Eggless Pineapple Pastry,1 Kg,ea,
202,Item,White Forest (1 Kg),Sale,1,600,0,600,30,600,0,600,0,0,0,0,100%,19059010,Goods,Cakes,Regular Cakes,"Non-vegetarian,Dessert",,,White Forest,1 Kg,ea,
202ELSP,Item,Eggless White Forest (Special cake 1 kg),Sale,1,950.48,0,950.48,47.52,950.48,0,950.48,0,0,0,0,100%,19059010,Goods,Eggless Cakes,,"Vegetarian,Dessert",,,Eggless White Forest,Special cake 1 kg,ea,
203,Item,Chocolate Cheese Mousse (1 Kg),Sale,4,3594.29,0,3594.29,179.71,898.57,0,898.57,0,0,0,0,100%,19059010,Goods,Cakes,Mousse & Cheese Cakes,"Non-vegetarian,Dessert",,,Chocolate Cheese Mousse,1 Kg,ea,
2031,Item,Packing and Delivery charges,Sale,1,114.29,0,114.29,5.71,114.29,0,114.29,0,0,0,0,100%,19059010,Goods,Others,,,,,Packing and Delivery charges,,ea,
203EL,Item,Eggless Chocolate Cheese Mousse (1 Kg),Sale,2,1790.48,0,1790.48,89.52,895.24,0,895.24,0,0,0,0,100%,19059010,Goods,Eggless Cakes,,"Vegetarian,Dessert",,,Eggless Chocolate Cheese Mousse,1 Kg,ea,
203ELSP,Item,Eggless Chocolate Cheese Mousse (Special cake 1 kg),Sale,1,1014.29,0,1014.29,50.71,1014.29,0,1014.29,0,0,0,0,100%,19059010,Goods,Eggless Cakes,,"Vegetarian,Dessert",,,Eggless Chocolate Cheese Mousse,Special cake 1 kg,ea,
204,Item,Chocolate Mousse (1 Kg),Sale,1,800,0,800,40,800,0,800,0,0,0,0,100%,19059010,Goods,Cakes,Mousse & Cheese Cakes,"Non-vegetarian,Dessert",,,Chocolate Mousse,1 Kg,ea,
205EL,Item,Eggless Chocolate Mars (1 Kg),Sale,3,2685.72,0,2685.72,134.28,895.24,0,895.24,0,0,0,0,100%,19059010,Goods,Eggless Cakes,,"Vegetarian,Dessert",,,Eggless Chocolate Mars,1 Kg,ea,
206,Item,Chocolate Truffle (1 Kg),Sale,9,7628.58,0,7628.58,381.42,847.62,0,847.62,0,0,0,0,100%,19059010,Goods,Cakes,Premium Cakes,"Non-vegetarian,Dessert",,,Chocolate Truffle,1 Kg,ea,
206EL,Item,Eggless Chocolate Truffle (1 Kg),Sale,7,6481.92,-44.76,6437.16,321.85,925.99,-6.39,919.59,0,0,0,0,100%,19059010,Goods,Eggless Cakes,,"Vegetarian,Dessert",,,Eggless Chocolate Truffle,1 Kg,ea,
206ELSP,Item,Eggless Chocolate Truffle (Special cake 1 Kg),Sale,1,1014.29,0,1014.29,50.71,1014.29,0,1014.29,0,0,0,0,100%,19059010,Goods,Eggless Cakes,,"Vegetarian,Dessert",,,Eggless Chocolate Truffle,Special cake 1 Kg,ea,
206SP,Item,Chocolate Truffle (Special cake 1 kg),Sale,1,1199.05,0,1199.05,59.95,1199.05,0,1199.05,0,0,0,0,100%,19059010,Goods,Cakes,Premium Cakes,"Non-vegetarian,Dessert",,,Chocolate Truffle,Special cake 1 kg,ea,
207,Item,Chocolate Butterscotch (1 Kg),Sale,2,1695.24,0,1695.24,84.76,847.62,0,847.62,0,0,0,0,100%,19059010,Goods,Cakes,Premium Cakes,"Non-vegetarian,Dessert",,,Chocolate Butterscotch,1 Kg,ea,
209,Item,Celebration (1 Kg),Sale,2,1847.62,0,1847.62,92.38,923.81,0,923.81,0,0,0,0,100%,19059010,Goods,Cakes,Something Special,"Non-vegetarian,Dessert",,,Celebration,1 Kg,ea,
2100,Item,Maaza (Tetra Pack),Sale,21,199.95,0,199.95,10.03,9.52,0,9.52,175.35,8.35,0,0,12.30%,22029920,Goods,Soft Drinks,,"Vegetarian,Dessert",,,Maaza,Tetra Pack,ea,
2101,Item,Lava Cake,Sale,139,9928.77,-3.57,9925.2,496.2,71.43,-0.03,71.4,6500,46.76,0,0,34.51%,19059010,Goods,Dry Items,Others,"Dessert,Vegetarian",,,Lava Cake,,ea,
213,Item,ButterScotch (1 Kg),Sale,4,2971.44,-22.29,2949.15,147.45,742.86,-5.57,737.29,0,0,0,0,100%,19059010,Goods,Cakes,Premium Cakes,"Non-vegetarian,Dessert",,,ButterScotch,1 Kg,ea,
213EL,Item,Eggless Butterscotch (1 Kg),Sale,1,790.48,0,790.48,39.52,790.48,0,790.48,0,0,0,0,100%,19059010,Goods,Eggless Cakes,,"Vegetarian,Dessert",,,Eggless Butterscotch,1 Kg,ea,
213OM,Item,ButterScotch (1 Kg),Sale,1,742.86,0,742.86,37.14,742.86,0,742.86,445.62,445.62,0,0,40.01%,19059010,Goods,Online Menu,Premium Cakes,"Non-vegetarian,Dessert",,,ButterScotch,1 Kg,ea,
214,Item,Galaxy (1 Kg),Sale,2,1695.24,0,1695.24,84.76,847.62,0,847.62,0,0,0,0,100%,19059010,Goods,Cakes,Mousse & Cheese Cakes,"Non-vegetarian,Dessert",,,Galaxy,1 Kg,ea,
214EL,Item,Eggless Galaxy (1 Kg),Sale,1,895.24,0,895.24,44.76,895.24,0,895.24,0,0,0,0,100%,19059010,Goods,Eggless Cakes,,"Vegetarian,Dessert",,,Eggless Galaxy,1 Kg,ea,
215,Item,Mango Mousse (1 Kg),Sale,1,847.62,0,847.62,42.38,847.62,0,847.62,0,0,0,0,100%,19059010,Goods,Cakes,Mousse & Cheese Cakes,"Non-vegetarian,Dessert",,,Mango Mousse,1 Kg,ea,
2197,Item,BC Eggless Redvelvet cake,Sale,0.13,121.43,0,121.43,6.07,934.08,0,934.08,68.76,528.92,0,0,43.37%,19059010,Goods,Big Cakes,,"Vegetarian,Dessert",,,BC Eggless Redvelvet cake,,kg,
222,Item,Tiramisu (1 Kg),Sale,1,933.33,-46.67,886.66,44.33,933.33,-46.67,886.66,0,0,0,0,100%,19059010,Goods,Cakes,Mousse & Cheese Cakes,"Non-vegetarian,Dessert",,,Tiramisu,1 Kg,ea,
223EL,Item,Eggless Fruit Truffle (1 Kg),Sale,1,895.24,0,895.24,44.76,895.24,0,895.24,0,0,0,0,100%,19059010,Goods,Eggless Cakes,,"Vegetarian,Dessert",,,Eggless Fruit Truffle,1 Kg,ea,
226,Item,Blueberry (1 Kg),Sale,1,771.43,0,771.43,38.57,771.43,0,771.43,0,0,0,0,100%,19059010,Goods,Cakes,Exotic Fruitz,"Non-vegetarian,Dessert",,,Blueberry,1 Kg,ea,
226SP,Item,Blueberry (Special cake 1 kg),Sale,1,890.48,-133.57,756.91,37.85,890.48,-133.57,756.91,0,0,0,0,100%,19059010,Goods,Cakes,Exotic Fruitz,"Non-vegetarian,Dessert",,,Blueberry,Special cake 1 kg,ea,
227,Item,Opera (1 Kg),Sale,1,923.81,-36.95,886.86,44.34,923.81,-36.95,886.86,0,0,0,0,100%,19059010,Goods,Cakes,Something Special,"Non-vegetarian,Dessert",,,Opera,1 Kg,ea,
227EL,Item,Eggless Opera (1 Kg),Sale,1,971.43,0,971.43,48.57,971.43,0,971.43,0,0,0,0,100%,19059010,Goods,Eggless Cakes,,"Vegetarian,Dessert",,,Eggless Opera,1 Kg,ea,
229,Item,Triple Queen (1 Kg),Sale,1,923.81,0,923.81,46.19,923.81,0,923.81,0,0,0,0,100%,19059010,Goods,Cakes,Something Special,"Non-vegetarian,Dessert",,,Triple Queen,1 Kg,ea,
23,Item,Tiramisu (1 Pcs),Sale,72,6171.19,0,6171.19,308.64,85.71,0,85.71,2758.03,38.31,0,0,55.31%,19059010,Goods,Cakes,Mousse & Cheese Cakes,"Non-vegetarian,Dessert",,,Tiramisu,1 Pcs,ea,
230,Item,Pineapple Tidbits (1 Kg),Sale,2,1899.05,0,1899.05,94.95,949.53,0,949.53,0,0,0,0,100%,19059010,Goods,Cakes,Exotic Fruitz,"Non-vegetarian,Dessert",,,Pineapple Tidbits,1 Kg,ea,
2307,Item,Eggless Red velvet cake (Special cake 1/2 kg),Sale,1,732.38,0,732.38,36.62,732.38,0,732.38,0,0,0,0,100%,19059010,Goods,Eggless Cakes,,"Vegetarian,Dessert",,,Eggless Red velvet cake,Special cake 1/2 kg,ea,
2320,Item,Masala Mini Rusk(200gm),Sale,8,495.28,0,495.28,24.79,61.91,0,61.91,216.65,27.08,0,0,56.26%,19054000,Goods,Dry Items,Rusk,"Vegetarian,Dessert",,,Masala Mini Rusk(200gm),,ea,
235,Item,Classic Black Forest (1 Kg),Sale,1,771.43,0,771.43,38.57,771.43,0,771.43,0,0,0,0,100%,19059010,Goods,Cakes,Exotic Fruitz,"Non-vegetarian,Dessert",,,Classic Black Forest,1 Kg,ea,
236,Item,Rich Plum Cake (1 Kg),Sale,9,6428.59,0,6428.59,321.41,714.29,0,714.29,4500,500,0,0,30%,19059010,Goods,Plum Cake,,"Non-vegetarian,Dessert",,,Rich Plum Cake,1 Kg,ea,
23EL,Item,Eggless Tiramisu (1 Pcs),Sale,11,995.28,0,995.28,49.75,90.48,0,90.48,550.29,50.03,0,0,44.71%,19059010,Goods,Eggless Cakes,,"Vegetarian,Dessert",,,Eggless Tiramisu,1 Pcs,ea,
24,Item,Fruit Truffle (1 Pcs),Sale,29,2209.51,-3.05,2206.46,110.34,76.19,-0.11,76.08,1032.07,35.59,0,0,53.23%,19059010,Goods,Cakes,Exotic Fruitz,"Non-vegetarian,Dessert",,,Fruit Truffle,1 Pcs,ea,
2401,Item,Strawberry Chbar,Sale,10,285.7,0,285.7,14.3,28.57,0,28.57,114.32,11.43,0,0,59.99%,18069010,Goods,Chocolate Bars,,"Vegetarian,Dessert",,,Strawberry Chbar,,ea,
2401a,Item,Strawberry mini chbar,Sale,12,228.6,0,228.6,11.42,19.05,0,19.05,85.68,7.14,0,0,62.52%,18069010,Goods,Chocolate Bars,,"Vegetarian,Dessert",,,Strawberry mini chbar,,ea,
2403,Item,Pineapple Chbar,Sale,14,399.99,0,399.99,20.01,28.57,0,28.57,157.19,11.23,0,0,60.70%,18069010,Goods,Chocolate Bars,,"Vegetarian,Dessert",,,Pineapple Chbar,,ea,
2403a,Item,Pineapple mini chbar,Sale,10,190.5,-0.95,189.55,9.48,19.05,-0.1,18.96,66.64,6.66,0,0,64.84%,18069010,Goods,Chocolate Bars,,"Vegetarian,Dessert",,,Pineapple mini chbar,,ea,
2404,Item,Orange Chbar,Sale,23,657.12,0,657.12,32.87,28.57,0,28.57,285.8,12.43,0,0,56.51%,18069010,Goods,Chocolate Bars,,"Vegetarian,Dessert",,,Orange Chbar,,ea,
2404a,Item,Orange mini chbar,Sale,9,171.44,0,171.44,8.56,19.05,0,19.05,76.16,8.46,0,0,55.58%,18069010,Goods,Chocolate Bars,,"Vegetarian,Dessert",,,Orange mini chbar,,ea,
2405,Item,Mango Chbar,Sale,25,714.25,0,714.25,35.74,28.57,0,28.57,314.38,12.58,0,0,55.98%,18069010,Goods,Chocolate Bars,,"Vegetarian,Dessert",,,Mango Chbar,,ea,
2405a,Item,Mango mini chbar,Sale,14,266.69,0,266.69,13.32,19.05,0,19.05,104.72,7.48,0,0,60.73%,18069010,Goods,Chocolate Bars,,"Vegetarian,Dessert",,,Mango mini chbar,,ea,
2406,Item,White Chbar,Sale,33,942.84,0,942.84,47.15,28.57,0,28.57,457.28,13.86,0,0,51.50%,18069010,Goods,Chocolate Bars,,"Vegetarian,Dessert",,,White Chbar,,ea,
2406a,Item,White mini chbar,Sale,9,171.43,0,171.43,8.57,19.05,0,19.05,85.68,9.52,0,0,50.02%,18069010,Goods,Chocolate Bars,,"Vegetarian,Dessert",,,White mini chbar,,ea,
2407,Item,Choco ChBar,Sale,3,85.71,0,85.71,4.29,28.57,0,28.57,0,0,0,0,100%,18069010,Goods,Chocolate Bars,,"Vegetarian,Dessert",,,Choco ChBar,,ea,
2407a,Item,Choco mini chbar,Sale,13,247.65,0,247.65,12.38,19.05,0,19.05,104.72,8.06,0,0,57.71%,18069010,Goods,Chocolate Bars,,"Vegetarian,Dessert",,,Choco mini chbar,,ea,
2408,Item,Pista Chbar,Sale,11,314.27,0,314.27,15.72,28.57,0,28.57,128.61,11.69,0,0,59.08%,18069010,Goods,Chocolate Bars,,"Vegetarian,Dessert",,,Pista Chbar,,ea,
2408a,Item,Pista mini chbar,Sale,19,361.94,0,361.94,18.09,19.05,0,19.05,171.36,9.02,0,0,52.66%,18069010,Goods,Chocolate Bars,,"Vegetarian,Dessert",,,Pista mini chbar,,ea,
24EL,Item,Eggless Fruit Truffle (1 Pcs),Sale,2,161.9,0,161.9,8.1,80.95,0,80.95,93.92,46.96,0,0,41.99%,19059010,Goods,Eggless Cakes,,"Vegetarian,Dessert",,,Eggless Fruit Truffle,1 Pcs,ea,
25,Item,Fruit Forest (1 Pcs),Sale,30,2303.8,0,2303.8,115.2,76.79,0,76.79,1001.75,33.39,0,0,56.52%,19059010,Goods,Cakes,Exotic Fruitz,"Non-vegetarian,Dessert",,,Fruit Forest,1 Pcs,ea,
251,Item,Chocolate Chillz (1 Kg),Sale,1,895.24,0,895.24,44.76,895.24,0,895.24,0,0,0,0,100%,19059010,Goods,Cakes,Something Special,"Non-vegetarian,Dessert",,,Chocolate Chillz,1 Kg,ea,
2546,Item,Mita 170A 01,Sale,2,85.72,0,85.72,4.28,42.86,0,42.86,0,0,0,0,100%,18069010,Goods,Gift Pack Chocolate,,"Vegetarian,Dessert",,,Mita 170A 01,,ea,
256,Item,Eggless Triple Queen (2 Kg),Sale,2,3885.72,-97.14,3788.58,189.43,1942.86,-48.57,1894.29,2295.09,1147.55,0,0,39.42%,19059010,Goods,Eggless Cakes,,"Vegetarian,Dessert",,,Eggless Triple Queen,2 Kg,ea,
260,Item,Six Wonders (1 Kg),Sale,3,2771.43,-92.38,2679.05,133.95,923.81,-30.79,893.02,1096.4,365.47,0,0,59.08%,19059010,Goods,Cakes,Something Special,"Non-vegetarian,Dessert",,,Six Wonders,1 Kg,ea,
260SP,Item,Six Wonders (Special cake 1 kg),Sale,2,2085.72,-52.14,2033.58,101.68,1042.86,-26.07,1016.79,0,0,0,0,100%,19059010,Goods,Cakes,Something Special,"Non-vegetarian,Dessert",,,Six Wonders,Special cake 1 kg,ea,
2641,Add On,Butter Cookies (Guraiba) (150gm),Sale,1,114.29,0,114.29,5.71,114.29,0,114.29,85.72,85.72,0,0,25%,18069010,Goods,Cookies,With Egg,,,,Butter Cookies (Guraiba),150gm,ea,
2641,Item,Butter Cookies (Guraiba) (150gm),Sale,22,2514.37,0,2514.37,125.65,114.29,0,114.29,1377.16,62.6,0,0,45.23%,19053100,Goods,Cookies,With Egg,"Dessert,Vegetarian",,,Butter Cookies (Guraiba),150gm,ea,
2647,Item,Almond honey cookies (100gm),Sale,20,2857.2,0,2857.2,142.81,142.86,0,142.86,1900,95,0,0,33.50%,19053100,Goods,Cookies,With Egg,"Dessert,Non-vegetarian",,,Almond honey cookies,100gm,ea,
2694,Item,Tea Cake Chocolate (150 gm),Sale,10,1000,0,1000,50,100,0,100,490,49,0,0,51%,19059010,Goods,Dry Items,Dry Cakes,"Non-vegetarian,Dessert",,,Tea Cake Chocolate,150 gm,ea,
2695,Item,Tea Cake Vanilla (150 gm),Sale,18,1628.64,-4.52,1624.12,81.18,90.48,-0.25,90.23,759.96,42.22,0,0,53.21%,19059010,Goods,Dry Items,Dry Cakes,"Non-vegetarian,Dessert",,,Tea Cake Vanilla,150 gm,ea,
27,Item,Blueberry (1 Pcs),Sale,73,5248.67,-7.14,5241.53,262.01,71.9,-0.1,71.8,2594.55,35.54,0,0,50.50%,19059010,Goods,Cakes,Exotic Fruitz,"Non-vegetarian,Dessert",,,Blueberry,1 Pcs,ea,
2728,Item,Eggless Fruit Cake (150 gm),Sale,34,3561.84,0,3561.84,178.15,104.76,0,104.76,2273.23,66.86,0,0,36.18%,19059010,Goods,Dry Items,Dry Cakes,"Vegetarian,Dessert",,,Eggless Fruit Cake,150 gm,ea,
27EL,Item,Eggless Blueberry (1 Pcs),Sale,41,3276.19,0,3276.19,163.82,79.91,0,79.91,1778.4,43.38,0,0,45.72%,19059010,Goods,Eggless Cakes,,"Vegetarian,Dessert",,,Eggless Blueberry,1 Pcs,ea,
28,Item,Opera (1 Pcs),Sale,52,4247.55,0,4247.55,212.39,81.68,0,81.68,1669.02,32.1,0,0,60.71%,19059010,Goods,Cakes,Something Special,"Non-vegetarian,Dessert",,,Opera,1 Pcs,ea,
28EL,Item,Eggless Opera (1 Pcs),Sale,16,1371.38,0,1371.38,68.59,85.71,0,85.71,800.1,50.01,0,0,41.66%,19059010,Goods,Eggless Cakes,,"Vegetarian,Dessert",,,Eggless Opera,1 Pcs,ea,
2EL,Item,Eggless Pineapple Pastry (1 Pcs),Sale,73,4264.7,0,4264.7,213.2,58.42,0,58.42,1849.5,25.34,0,0,56.63%,19059010,Goods,Eggless Cakes,,"Vegetarian,Dessert",,,Eggless Pineapple Pastry,1 Pcs,ea,
3,Item,White Forest (1 Pcs),Sale,112,6426.5,0,6426.5,321.32,57.38,0,57.38,2499.39,22.32,0,0,61.11%,19059010,Goods,Cakes,Regular Cakes,"Non-vegetarian,Dessert",,,White Forest,1 Pcs,ea,
30,Item,Triple Queen (1 Pcs),Sale,66,5342.76,0,5342.76,267.16,80.95,0,80.95,2052.75,31.1,0,0,61.58%,19059010,Goods,Cakes,Something Special,"Non-vegetarian,Dessert",,,Triple Queen,1 Pcs,ea,
3005,Item,Doughnut (Plain 2pcs),Sale,8,495.25,0,495.25,24.78,61.91,0,61.91,259.98,32.5,0,0,47.51%,19059090,Goods,Doughnuts,,"Vegetarian,Dessert",,,Doughnut,Plain 2pcs,ea,
304,Item,Veg Puff,Sale,629,18150.9,-122.86,18028.04,901.44,28.86,-0.2,28.66,10561.9,16.79,0,0,41.41%,19059090,Goods,Snacks,Puffs,"Vegetarian,Dessert",,,Veg Puff,,ea,
305,Item,Egg Puff,Sale,558,19208.89,-118.33,19090.56,954.61,34.42,-0.21,34.21,10885.78,19.51,0,0,42.98%,19059090,Goods,Snacks,Puffs,"Non-vegetarian,Fast food",,,Egg Puff,,ea,
306,Item,Chicken Puff,Sale,510,20334.26,-306.66,20027.6,1001.35,39.87,-0.6,39.27,11310.27,22.18,0,0,43.53%,19059090,Goods,Snacks,Puffs,"Non-vegetarian,Fast food",,,Chicken Puff,,ea,
307,Item,Veg Pizza,Sale,164,7112.46,-85.71,7026.75,351.37,43.37,-0.52,42.85,4009.64,24.45,0,0,42.94%,19059030,Goods,Snacks,Pizzas,"Vegetarian,Dessert",,,Veg Pizza,,ea,
308,Item,Chicken Burger,Sale,96,7045.81,-10.71,7035.1,351.73,73.39,-0.11,73.28,3112.02,32.42,0,0,55.76%,19059090,Goods,Snacks,Burgers,"Non-vegetarian,Fast food",,,Chicken Burger,,ea,
309,Item,Veg Burger,Sale,134,7018.93,-41.91,6977.02,348.92,52.38,-0.31,52.07,3352.47,25.02,0,0,51.95%,19059090,Goods,Snacks,Burgers,"Vegetarian,Dessert",,,Veg Burger,,ea,
30EL,Item,Eggless Triple Queen (1 Pcs),Sale,26,2270.39,0,2270.39,113.53,87.32,0,87.32,1019.87,39.23,0,0,55.08%,19059010,Goods,Eggless Cakes,,"Vegetarian,Dessert",,,Eggless Triple Queen,1 Pcs,ea,
31,Item,Pineapple Tidbits (1 Pcs),Sale,50,3809.5,0,3809.5,190.5,76.19,0,76.19,1681.81,33.64,0,0,55.85%,19059010,Goods,Cakes,Exotic Fruitz,"Non-vegetarian,Dessert",,,Pineapple Tidbits,1 Pcs,ea,
312,Item,Chicken Sandwich,Sale,438,10645.75,-19.75,10626,531.31,24.31,-0.05,24.26,4874.24,11.13,0,0,54.13%,19059090,Goods,Snacks,Sandwiches,"Non-vegetarian,Fast food",,,Chicken Sandwich,,ea,
313,Item,Chicken Samosa,Sale,631,21162.78,-3145.24,18017.54,900.89,33.54,-4.98,28.55,11793.3,18.69,0,0,34.55%,19059030,Goods,Snacks,Samosas,"Non-vegetarian,Fast food",,,Chicken Samosa,,ea,
314,Item,Veg Samosa,Sale,537,15462.58,-572.32,14890.26,744.5,28.79,-1.07,27.73,8535.72,15.9,0,0,42.68%,19059030,Goods,Snacks,Samosas,"Vegetarian,Dessert",,,Veg Samosa,,ea,
316,Item,Bread (Sweet bread),Sale,106,5830,-5.5,5824.5,0,55,-0.05,54.95,3888.5,36.68,0,0,33.24%,19054000,Service,Breads,,"Vegetarian,Dessert",,,Bread,Sweet bread,ea,
317,Item,Apple Pie,Sale,25,1113.36,0,1113.36,55.67,44.53,0,44.53,0,0,0,0,100%,19059090,Goods,Dry Items,Others,"Dessert,Non-vegetarian",,,Apple Pie,,ea,
31EL,Item,Eggless Pineapple Tidbits (1 Pcs),Sale,28,2266.64,0,2266.64,113.37,80.95,0,80.95,1324.72,47.31,0,0,41.56%,19059010,Goods,Eggless Cakes,,"Vegetarian,Dessert",,,Eggless Pineapple Tidbits,1 Pcs,ea,
320,Item,Choco Bar Cake,Sale,57,2453.36,-4.29,2449.07,122.44,43.04,-0.08,42.97,689.29,12.09,0,0,71.86%,18069010,Goods,Cakes,Others,"Non-vegetarian,Dessert",,,Choco Bar Cake,,ea,
321,Item,Chocolate Eclair,Sale,56,2400.06,0,2400.06,119.99,42.86,0,42.86,1388.24,24.79,0,0,42.16%,19059090,Goods,"Cup Cakes, Tarts, Eclair",,"Dessert,Non-vegetarian",,,Chocolate Eclair,,ea,
322,Item,Bread Rusk,Sale,11,681.01,0,681.01,34.08,61.91,0,61.91,389.97,35.45,0,0,42.74%,19054000,Goods,Dry Items,Rusk,"Vegetarian,Dessert",,,Bread Rusk,,ea,
322V,Item,Vanilla Cake Rusk 100Gm,Sale,18,1457.1,0,1457.1,72.9,80.95,0,80.95,793.38,44.08,0,0,45.55%,19059090,Goods,Dry Items,Rusk,"Non-vegetarian,Dessert",,,Vanilla Cake Rusk 100Gm,,ea,
324,Item,Japonaise Cake,Sale,60,3204.7,0,3204.7,160.3,53.41,0,53.41,1963.3,32.72,0,0,38.74%,19059010,Goods,"Cup Cakes, Tarts, Eclair",,"Non-vegetarian,Dessert",,,Japonaise Cake,,ea,
325B,Item,Mixture Big 200gms,Sale,10,809.5,0,809.5,40.5,80.95,0,80.95,510.03,51,0,0,36.99%,21069099,Goods,Mixture and Chips,,"Vegetarian,Dessert",,,Mixture Big 200gms,,ea,
325BB,Item,Mixture Bombay 200gms,Sale,3,242.85,0,242.85,12.15,80.95,0,80.95,113.34,37.78,0,0,53.33%,21069099,Goods,Mixture and Chips,,"Vegetarian,Dessert",,,Mixture Bombay 200gms,,ea,
325M,Item,Mixture Medium 200gms,Sale,2,161.9,0,161.9,8.1,80.95,0,80.95,0,0,0,0,100%,21069099,Goods,Mixture and Chips,,"Vegetarian,Dessert",,,Mixture Medium 200gms,,ea,
330,Item,Doughnut (Choc),Sale,195,8357.28,-5.14,8352.14,417.63,42.86,-0.03,42.83,3965.47,20.34,0,0,52.52%,19059090,Goods,Doughnuts,,"Vegetarian,Dessert",,,Doughnut,Choc,ea,
330OM,Item,Chocolate Doughnut,Sale,10,485.7,0,485.7,24.3,48.57,0,48.57,216.7,21.67,0,0,55.38%,19059090,Goods,Online Menu,,"Dessert,Vegetarian",,,Chocolate Doughnut,,ea,
330POM,Item,Pineapple Doughnut,Sale,1,53.33,0,53.33,2.67,53.33,0,53.33,0,0,0,0,100%,19059090,Goods,Online Menu,,"Dessert,Vegetarian",,,Pineapple Doughnut,,ea,
330W,Item,Doughnut (White),Sale,154,7333.47,-35.71,7297.76,364.82,47.62,-0.23,47.39,3480.96,22.6,0,0,52.30%,19059090,Goods,Doughnuts,,"Vegetarian,Dessert",,,Doughnut,White,ea,
330WOM,Item,White Doughnut,Sale,3,159.99,0,159.99,8,53.33,0,53.33,71.73,23.91,0,0,55.17%,19059090,Goods,Online Menu,,"Dessert,Vegetarian",,,White Doughnut,,ea,
331,Item,Doughnut (Rich Choco fill ),Sale,64,3962.16,-12.38,3949.78,197.53,61.91,-0.19,61.72,1416.71,22.14,0,0,64.13%,19059090,Goods,Doughnuts,,"Vegetarian,Dessert",,,Doughnut,Rich Choco fill ,ea,
331OM,Item,Rich Choco fill Doughnut,Sale,8,563.84,0,563.84,28.17,70.48,0,70.48,188.2,23.53,0,0,66.62%,19059090,Goods,Online Menu,,"Dessert,Vegetarian",,,Rich Choco fill Doughnut,,ea,
337,Item,Bread Veg Sandwich,Sale,44,2933.47,0,2933.47,146.63,66.67,0,66.67,1528.32,34.73,0,0,47.90%,19059090,Goods,Snacks,Sandwiches,"Vegetarian,Dessert",,,Bread Veg Sandwich,,ea,
337a,Item,Bread Veg Sandwich Pc,Sale,1,33.33,0,33.33,1.67,33.33,0,33.33,0,0,0,0,100%,19059090,Goods,Special Order,,"Vegetarian,Dessert",,,Bread Veg Sandwich Pc,,ea,
338,Item,Bread Chicken Sandwich,Sale,22,2409.44,0,2409.44,120.5,109.52,0,109.52,733.97,33.36,0,0,69.54%,19059090,Goods,Snacks,Sandwiches,"Non-vegetarian,Fast food",,,Bread Chicken Sandwich,,ea,
34,Item,Chocolate Almond Pastry (2 Kg),Sale,2,3695.24,0,3695.24,184.76,1847.62,0,1847.62,2180.34,1090.17,0,0,41%,19059010,Goods,Cakes,Something Special,"Non-vegetarian,Dessert",,,Chocolate Almond Pastry,2 Kg,ea,
347,Item,Veg Sandwich,Sale,630,12195.72,-68.43,12127.29,606.36,19.36,-0.11,19.25,6108.63,9.7,0,0,49.63%,19059090,Goods,Snacks,Sandwiches,"Vegetarian,Dessert",,,Veg Sandwich,,ea,
355,Item,Banana Chips Plain 200gms,Sale,29,2900,-58.1,2841.9,142.1,100,-2,98,1820,62.76,0,0,35.96%,21069099,Goods,Mixture and Chips,,"Vegetarian,Dessert",,,Banana Chips Plain 200gms,,ea,
36,Item,Classic Black Forest (1 Pcs),Sale,34,2428.61,0,2428.61,121.41,71.43,0,71.43,1306.63,38.43,0,0,46.20%,19059010,Goods,Cakes,Exotic Fruitz,"Non-vegetarian,Dessert",,,Classic Black Forest,1 Pcs,ea,
364,Item,Bread Multigrain (Multi grain bread),Sale,48,3120,0,3120,0,65,0,65,2002,41.71,0,0,35.83%,19054000,Goods,Breads,,"Vegetarian,Dessert",,,Bread Multigrain,Multi grain bread,ea,
365,Item,Bread High Fiber,Sale,66,4290,0,4290,0,65,0,65,2775.5,42.05,0,0,35.30%,19054000,Goods,Breads,,"Vegetarian,Dessert",,,Bread High Fiber,,ea,
37,Item,Rich Plum Cake (1/4 Kg),Sale,317,58871.08,-1831.74,57039.34,2851.98,185.71,-5.78,179.93,34929.06,110.19,0,0,38.76%,19059010,Goods,Plum Cake,,"Non-vegetarian,Dessert",,,Rich Plum Cake,1/4 Kg,ea,
373,Item,Chocolate Truffle (1.5 Kg),Sale,1,1271.43,0,1271.43,63.57,1271.43,0,1271.43,807.03,807.03,0,0,36.53%,19059010,Goods,Cakes,Premium Cakes,"Non-vegetarian,Dessert",,,Chocolate Truffle,1.5 Kg,ea,
374,Item,Chocolate Truffle (2 Kg),Sale,2,3390.48,-253.95,3136.53,156.82,1695.24,-126.98,1568.27,2070.04,1035.02,0,0,34%,19059010,Goods,Cakes,Premium Cakes,"Non-vegetarian,Dessert",,,Chocolate Truffle,2 Kg,ea,
3EL,Item,Eggless White Forest (1 Pcs),Sale,70,4364.11,0,4364.11,218.28,62.34,0,62.34,1711.03,24.44,0,0,60.79%,19059010,Goods,Eggless Cakes,,"Vegetarian,Dessert",,,Eggless White Forest,1 Pcs,ea,
4,Item,Chocolate Cheese Mousse (1 Pcs),Sale,114,8685.66,0,8685.66,434.34,76.19,0,76.19,4215.17,36.98,0,0,51.47%,19059010,Goods,Cakes,Mousse & Cheese Cakes,"Non-vegetarian,Dessert",,,Chocolate Cheese Mousse,1 Pcs,ea,
41,Item,Rich Plum Cake (1 Pcs with wrap),Sale,26,990.51,-11.43,979.08,48.94,38.1,-0.44,37.66,0,0,0,0,100%,19059010,Goods,Plum Cake,,"Non-vegetarian,Dessert",,,Rich Plum Cake,1 Pcs with wrap,ea,
4179,Item,Choco Chip Cookies (150 Gm),Sale,9,1028.6,0,1028.6,51.41,114.29,0,114.29,560,62.22,0,0,45.56%,19053100,Goods,Cookies,With Egg,"Dessert,Non-vegetarian",,,Choco Chip Cookies,150 Gm,ea,
41a,Item,Rich Plum Cake (1 Pcs),Sale,5,185.7,0,185.7,9.29,37.14,0,37.14,0,0,0,0,100%,19059010,Goods,Plum Cake,,"Non-vegetarian,Dessert",,,Rich Plum Cake,1 Pcs,ea,
451,Item,Home Made Choc (10),Sale,4,38.1,0,38.1,1.91,9.53,0,9.53,0,0,0,0,100%,18069010,Goods,Imp Hmc Chocolate,,"Vegetarian,Dessert",,,Home Made Choc,10,ea,
466,Add On,Butter Toffy,Sale,2,66.67,0,66.67,3.33,33.34,0,33.34,53.34,26.67,0,0,19.99%,18069010,Goods,Dry Items,Others,,,,Butter Toffy,,ea,
466,Item,Butter Toffy,Sale,95,3166.57,-3.33,3163.24,158.18,33.33,-0.04,33.3,1620,17.05,0,0,48.79%,18069010,Goods,Dry Items,Others,"Vegetarian,Dessert",,,Butter Toffy,,ea,
4764,Item,Masala Cookies (150 Gm),Sale,2,161.9,0,161.9,8.1,80.95,0,80.95,56.67,28.34,0,0,65%,19059020,Goods,Cookies,With Egg,"Dessert,Vegetarian",,,Masala Cookies,150 Gm,ea,
4765,Item,Salt Cookies (150 Gm),Sale,7,500.01,0,500.01,24.99,71.43,0,71.43,250,35.71,0,0,50%,19059020,Goods,Cookies,With Egg,"Dessert,Vegetarian",,,Salt Cookies,150 Gm,ea,
480,Item,IMP HMC (Almond),Sale,1.33,1266.61,0,1266.61,63.37,952.34,0,952.34,504.7,379.47,0,0,60.15%,18069010,Goods,Imp Hmc Chocolate,,"Vegetarian,Dessert",,,IMP HMC,Almond,kg,
483,Item,IMP HMC (Crispy),Sale,0.52,495.22,0,495.22,24.8,952.35,0,952.35,152.34,292.96,0,0,69.24%,18069010,Goods,Imp Hmc Chocolate,,"Vegetarian,Dessert",,,IMP HMC,Crispy,kg,
484,Item,IMP HMC (Dark),Sale,0.88,838.1,0,838.1,41.92,952.39,0,952.39,271.41,308.42,0,0,67.62%,18069010,Goods,Imp Hmc Chocolate,,"Vegetarian,Dessert",,,IMP HMC,Dark,kg,
485,Item,IMP HMC (Galaxy ),Sale,0.93,880.94,-1.43,879.51,44.02,947.25,-1.54,945.71,383.28,412.13,0,0,56.42%,18069010,Goods,Imp Hmc Chocolate,,"Vegetarian,Dessert",,,IMP HMC,Galaxy ,kg,
487,Item,IMP HMC (Mango ),Sale,0.03,28.57,0,28.57,1.43,952.33,0,952.33,0,0,0,0,100%,18069010,Goods,Imp Hmc Chocolate,,"Vegetarian,Dessert",,,IMP HMC,Mango ,kg,
488,Item,IMP HMC (Orange ),Sale,0.03,28.57,0,28.57,1.43,952.33,0,952.33,0,0,0,0,100%,18069010,Goods,Imp Hmc Chocolate,,"Vegetarian,Dessert",,,IMP HMC,Orange ,kg,
4906,Item,Fancy Candle (Number 6),Sale,1,19.05,0,19.05,0.95,19.05,0,19.05,0,0,0,0,100%,34060010,Goods,Birthday Items,,"Vegetarian,Dessert",,,Fancy Candle,Number 6,ea,
4909,Item,Fancy Candle (Number 9),Sale,1,19.05,-1.9,17.15,0.86,19.05,-1.9,17.15,0,0,0,0,100%,34060010,Goods,Birthday Items,,"Vegetarian,Dessert",,,Fancy Candle,Number 9,ea,
4911,Item,Fancy Candle (Number 1),Sale,2,38.1,0,38.1,1.9,19.05,0,19.05,0,0,0,0,100%,34060010,Goods,Birthday Items,,"Vegetarian,Dessert",,,Fancy Candle,Number 1,ea,
493,Item,IMP HMC (White ),Sale,0.4,380.95,0,380.95,19.06,952.37,0,952.37,161.87,404.68,0,0,57.51%,18069010,Goods,Imp Hmc Chocolate,,"Vegetarian,Dessert",,,IMP HMC,White ,kg,
493OM,Item,IMP HMC White 100gms,Sale,1,95.24,0,95.24,4.76,95.24,0,95.24,47.62,47.62,0,0,50%,18069010,Goods,Online Menu,HMC Chocolates,"Vegetarian,Dessert",,,IMP HMC White 100gms,,ea,
494,Item,IMP HMC (Assorted),Sale,0.57,542.82,-0.48,542.34,27.13,952.32,-0.84,951.47,0,0,0,0,100%,18069010,Goods,Imp Hmc Chocolate,,"Vegetarian,Dessert",,,IMP HMC,Assorted,kg,
495,Item,IMP HMC (Milk ),Sale,1.18,1123.8,0,1123.8,56.2,952.37,0,952.37,409.48,347.02,0,0,63.56%,18069010,Goods,Imp Hmc Chocolate,,"Vegetarian,Dessert",,,IMP HMC,Milk ,kg,
4953,Item,Ammas Water Bottle (1 Ltr),Sale,24,525.79,0,525.79,26.36,21.91,0,21.91,328.8,13.7,0,0,37.47%,22011010,Goods,Water,,"Vegetarian,Beverage",,,Ammas Water Bottle,1 Ltr,ea,
4954,Item,Ammas Water Bottle (500 Ml),Sale,70,933.13,0,933.13,46.75,13.33,0,13.33,533.75,7.63,0,0,42.80%,22011010,Goods,Water,,"Vegetarian,Beverage",,,Ammas Water Bottle,500 Ml,ea,
4994,Item,Customize Design Cake Charges,Sale,2,1142.86,0,1142.86,57.14,571.43,0,571.43,0,0,0,0,100%,19054000,Goods,Miscellaneous,,"Vegetarian,Dessert",,,Customize Design Cake Charges,,kg,
4EL,Item,Eggless Chocolate Cheese Mousse (1 Pcs),Sale,41,3357.1,-4.05,3353.05,167.7,81.88,-0.1,81.78,1578.69,38.5,0,0,52.92%,19059010,Goods,Eggless Cakes,,"Vegetarian,Dessert",,,Eggless Chocolate Cheese Mousse,1 Pcs,ea,
4OM,Item,Chocolate Cheese Mousse (1 Pcs),Sale,2,152.38,0,152.38,7.62,76.19,0,76.19,87.05,43.53,0,0,42.87%,19059010,Goods,Online Menu,Mousse & Cheese Cakes,"Non-vegetarian,Dessert",,,Chocolate Cheese Mousse,1 Pcs,ea,
5,Item,Chocolate Mousse (1 Pcs),Sale,90,6428.7,0,6428.7,321.36,71.43,0,71.43,3089.1,34.32,0,0,51.95%,19059010,Goods,Cakes,Mousse & Cheese Cakes,"Non-vegetarian,Dessert",,,Chocolate Mousse,1 Pcs,ea,
50,Item,Blueberry Mousse Cheese (1 Pcs),Sale,48,4571.51,-9.52,4561.99,228.09,95.24,-0.2,95.04,1923.88,40.08,0,0,57.83%,19059010,Goods,Cakes,Mousse & Cheese Cakes,"Non-vegetarian,Dessert",,,Blueberry Mousse Cheese,1 Pcs,ea,
5021,Item,Eggless Rich Plum Cake(No Egg & No Wine) (1kg),Sale,2,1333.34,0,1333.34,66.67,666.67,0,666.67,0,0,0,0,100%,19059010,Goods,Plum Cake,,"Vegetarian,Dessert",,,Eggless Rich Plum Cake(No Egg & No Wine),1kg,ea,
5022,Item,Eggless Rich Plum Cake(No Egg & No Wine) (1/2kg),Sale,29,9942.88,-85.71,9857.17,492.84,342.86,-2.96,339.9,6960,240,0,0,29.39%,19059010,Goods,Plum Cake,,"Vegetarian,Dessert",,,Eggless Rich Plum Cake(No Egg & No Wine),1/2kg,ea,
5023,Item,Eggless Rich Plum Cake(No Egg & No Wine) (Pcs),Sale,19,651.46,0,651.46,32.56,34.29,0,34.29,0,0,0,0,100%,19059010,Goods,Plum Cake,,"Vegetarian,Dessert",,,Eggless Rich Plum Cake(No Egg & No Wine),Pcs,ea,
5024,Item,Eggless Rich Plum Cake(No Egg & No Wine) (Pcs with Wrapping),Sale,11,387.64,0,387.64,19.36,35.24,0,35.24,0,0,0,0,100%,19059010,Goods,Plum Cake,,"Vegetarian,Dessert",,,Eggless Rich Plum Cake(No Egg & No Wine),Pcs with Wrapping,ea,
5025,Item,Eggless Rich Plum Cake(No Egg & No Wine) (1/4kg),Sale,46,7885.76,-94.29,7791.47,389.55,171.43,-2.05,169.38,5587.75,121.47,0,0,28.28%,19059010,Goods,Plum Cake,,"Vegetarian,Dessert",,,Eggless Rich Plum Cake(No Egg & No Wine),1/4kg,ea,
5035,Item,Dates & Carrot Cake (1/4kg),Sale,5,857.15,0,857.15,42.85,171.43,0,171.43,600,120,0,0,30%,19059010,Goods,Plum Cake,,"Non-vegetarian,Dessert",,,Dates & Carrot Cake,1/4kg,ea,
5036,Item,Dates & Carrot Cake (1/2kg),Sale,1,342.86,0,342.86,17.14,342.86,0,342.86,0,0,0,0,100%,19059010,Goods,Plum Cake,,"Non-vegetarian,Dessert",,,Dates & Carrot Cake,1/2kg,ea,
5037,Add On,Dates & Carrot Cake (150gm),Sale,1,104.76,0,104.76,5.24,104.76,0,104.76,83.81,83.81,0,0,20%,18069010,Goods,Plum Cake,,,,,Dates & Carrot Cake,150gm,ea,
5037,Item,Dates & Carrot Cake (150gm),Sale,46,4818.97,-20.95,4798.02,239.95,104.76,-0.46,104.3,3006.53,65.36,0,0,37.34%,19059010,Goods,Plum Cake,,"Non-vegetarian,Dessert",,,Dates & Carrot Cake,150gm,ea,
505,Item,Magical Candle,Sale,1,32.38,0,32.38,1.62,32.38,0,32.38,16.31,16.31,0,0,49.63%,34060010,Goods,Birthday Items,,"Vegetarian,Dessert",,,Magical Candle,,ea,
509,Item,Shapes Per Kg,Sale,1,95.24,0,95.24,4.76,95.24,0,95.24,0,0,0,0,100%,19059010,Goods,Album,,"Vegetarian,Dessert",,,Shapes Per Kg,,kg,
509B,Item,Special Design,Sale,9925,9452.41,-391.41,9061,453.05,0.95,-0.04,0.91,0,0,0,0,100%,19059010,Goods,Others,,"Vegetarian,Dessert",,,Special Design,,ea,
50EL,Item,Eggless Blueberry Mousse Cheese (1 Pcs),Sale,13,1300,0,1300,65,100,0,100,714.68,54.98,0,0,45.02%,19059010,Goods,Eggless Cakes,,"Vegetarian,Dessert",,,Eggless Blueberry Mousse Cheese,1 Pcs,ea,
51,Item,Chocolate Chillz (1 Pcs),Sale,92,7466.55,0,7466.55,373.39,81.16,0,81.16,3530.73,38.38,0,0,52.71%,19059010,Goods,Cakes,Something Special,"Non-vegetarian,Dessert",,,Chocolate Chillz,1 Pcs,ea,
511,Item,Snow Spray,Sale,3,203.4,0,203.4,36.6,67.8,0,67.8,137.7,45.9,0,0,32.30%,95059090,Goods,Birthday Items,,"Vegetarian,Dessert",,,Snow Spray,,ea,
5112,Item,Rich Plum Cake (Loaf 1/2kg),Sale,22,8066.68,-112.13,7954.55,397.71,366.67,-5.1,361.57,5475.86,248.9,0,0,31.16%,19059010,Goods,Plum Cake,,"Non-vegetarian,Dessert",,,Rich Plum Cake,Loaf 1/2kg,ea,
512,Item,Party Popper,Sale,10,974.59,0,974.59,175.42,97.46,0,97.46,551.07,55.11,0,0,43.46%,95059090,Goods,Birthday Items,,"Vegetarian,Dessert",,,Party Popper,,ea,
5126,Item,Eggless Rich Plum Cake(No Egg & No Wine) (Loaf 1/2kg),Sale,7,2400.01,-34.29,2365.72,118.28,342.86,-4.9,337.96,1680,240,0,0,28.99%,19059010,Goods,Plum Cake,,"Vegetarian,Dessert",,,Eggless Rich Plum Cake(No Egg & No Wine),Loaf 1/2kg,ea,
514,Item,Sparking Candle,Sale,27,760.02,0,760.02,37.99,28.15,0,28.15,419.64,15.54,0,0,44.79%,34060010,Goods,Birthday Items,,"Vegetarian,Dessert",,,Sparking Candle,,ea,
5147,Item,Sandwich Bread (400 gms),Sale,7,455,0,455,0,65,0,65,273,39,0,0,40%,19054000,Goods,Breads,,"Vegetarian,Fast food",,,Sandwich Bread,400 gms,ea,
5155,Item,Pinata Cake Charges (1/2 Kg),Sale,2,666.66,0,666.66,33.34,333.33,0,333.33,0,0,0,0,100%,19059010,Goods,Cakes,Something Special,"Vegetarian,Dessert",,,Pinata Cake Charges,1/2 Kg,ea,
516,Item,Cap (Small),Sale,3,38.13,0,38.13,6.87,12.71,0,12.71,21.33,7.11,0,0,44.06%,95059090,Goods,Birthday Items,,"Vegetarian,Dessert",,,Cap,Small,ea,
5161,Item,Russian Honey Cake (1 Kg),Sale,1,923.81,0,923.81,46.19,923.81,0,923.81,0,0,0,0,100%,19059010,Goods,Cakes,Something Special,"Non-vegetarian,Dessert",,,Russian Honey Cake,1 Kg,ea,
5162,Item,Russian Honey Cake (1/2 Kg),Sale,1,471.43,0,471.43,23.57,471.43,0,471.43,0,0,0,0,100%,19059010,Goods,Cakes,Something Special,"Non-vegetarian,Dessert",,,Russian Honey Cake,1/2 Kg,ea,
5163,Item,Russian Honey Cake (1 Pcs),Sale,21,1699.96,0,1699.96,85.01,80.95,0,80.95,1004.43,47.83,0,0,40.91%,19059010,Goods,Cakes,Something Special,"Non-vegetarian,Dessert",,,Russian Honey Cake,1 Pcs,ea,
517,Item,Cap (Medium),Sale,5,84.75,0,84.75,15.25,16.95,0,16.95,47.35,9.47,0,0,44.13%,95059090,Goods,Birthday Items,,"Vegetarian,Dessert",,,Cap,Medium,ea,
518,Item,Cap (Big),Sale,5,105.94,0,105.94,19.07,21.19,0,21.19,62.95,12.59,0,0,40.58%,95059090,Goods,Birthday Items,,"Vegetarian,Dessert",,,Cap,Big,ea,
520,Item,Rotate Candle,Sale,3,228.57,0,228.57,11.43,76.19,0,76.19,163.8,54.6,0,0,28.34%,34060010,Goods,Birthday Items,,"Vegetarian,Dessert",,,Rotate Candle,,ea,
5346,Item,Eggless Cup Cake (RedVelvet (mini)),Sale,4,95.24,0,95.24,4.76,23.81,0,23.81,0,0,0,0,100%,19059010,Goods,"Cup Cakes, Tarts, Eclair",,"Vegetarian,Dessert",,,Eggless Cup Cake,RedVelvet (mini),ea,
5346AOM,Item,Red velvet cup cake Eggless Mini (4 Pcs),Sale,10,975.26,0,975.26,48.74,97.53,0,97.53,533.44,53.34,0,0,45.30%,19059010,Goods,"Cup Cakes, Tarts, Eclair",,"Vegetarian,Dessert",,,Red velvet cup cake Eggless Mini,4 Pcs,ea,
5346BOM,Item,Red velvet cup cake Eggless Mini (6 Pcs),Sale,5,817.14,0,817.14,40.86,163.43,0,163.43,500.1,100.02,0,0,38.80%,19059010,Goods,"Cup Cakes, Tarts, Eclair",,"Vegetarian,Dessert",,,Red velvet cup cake Eggless Mini,6 Pcs,ea,
5346EOM,Item,Red velvet cup cake Eggless Mini (1 Pcs),Sale,69,1642.89,0,1642.89,82.13,23.81,0,23.81,950.19,13.77,0,0,42.16%,19059010,Goods,"Cup Cakes, Tarts, Eclair",,Non-vegetarian,,,Red velvet cup cake Eggless Mini,1 Pcs,ea,
5377,Item,Baked Blueberry Cheese Cake Premium (1/2 Kg),Sale,2,1923.82,0,1923.82,96.2,961.91,0,961.91,12.98,6.49,0,0,99.33%,19059010,Goods,Cheese Cake,,"Non-vegetarian,Dessert",,,Baked Blueberry Cheese Cake Premium,1/2 Kg,ea,
5423,Item,Baked Cheese Cake Premium (50gms),Sale,18,1457.12,0,1457.12,72.88,80.95,0,80.95,0,0,0,0,100%,19059010,Goods,Cheese Cake,,"Non-vegetarian,Dessert",,,Baked Cheese Cake Premium,50gms,ea,
5430,Item,Baked Blueberry Cheese Cake Premium (50gms),Sale,31,2804.84,0,2804.84,140.22,90.48,0,90.48,37.84,1.22,0,0,98.65%,19059010,Goods,Cheese Cake,,"Non-vegetarian,Dessert",,,Baked Blueberry Cheese Cake Premium,50gms,ea,
5443,Item,CREAM BROTCHEN,Sale,398,7943.32,-6.67,7936.65,396.84,19.96,-0.02,19.94,4151.6,10.43,0,0,47.69%,19054000,Goods,Snacks,,"Vegetarian,Dessert",,,CREAM BROTCHEN,,ea,
5452,Item,BC Russian Honey Cake,Sale,2,1847.62,0,1847.62,92.38,923.81,0,923.81,1049.65,524.83,0,0,43.19%,19059010,Goods,Big Cakes,,"Vegetarian,Dessert",,,BC Russian Honey Cake,,kg,
5464EL,Item,Eggless Jaggery Choco Chip ( Chocolate ),Sale,5,714.3,0,714.3,35.7,142.86,0,142.86,500,100,0,0,30%,19053100,Goods,Cookies,Eggless,"Vegetarian,Dessert",,,Eggless Jaggery Choco Chip ( Chocolate ),,ea,
5466EL,Item,Eggless Jaggery Choco Chip ( Vanilla ),Sale,8,1142.88,0,1142.88,57.12,142.86,0,142.86,600,75,0,0,47.50%,19053100,Goods,Cookies,Eggless,"Vegetarian,Dessert",,,Eggless Jaggery Choco Chip ( Vanilla ),,ea,
5468EL,Item,"Eggless Jaggery Wheat, & Corn Cookies",Sale,6,857.16,0,857.16,42.84,142.86,0,142.86,500,83.33,0,0,41.67%,19053100,Goods,Cookies,Eggless,"Vegetarian,Dessert",,,"Eggless Jaggery Wheat, & Corn Cookies",,ea,
5472EL,Item,Eggless Jaggery Oats & Wheat Cookies,Sale,14,2000.03,-28.57,1971.46,98.55,142.86,-2.04,140.82,1200,85.71,0,0,39.13%,19053100,Goods,Cookies,Eggless,"Vegetarian,Dessert",,,Eggless Jaggery Oats & Wheat Cookies,,ea,
5474EL,Item,"Eggless Jaggery Ragi, & Corn Cookies",Sale,13,1857.17,0,1857.17,92.84,142.86,0,142.86,1100,84.62,0,0,40.77%,19053100,Goods,Cookies,Eggless,"Vegetarian,Dessert",,,"Eggless Jaggery Ragi, & Corn Cookies",,ea,
5480,Item,Choco Chip Cookies (1 Pc),Sale,2,22.86,0,22.86,1.14,11.43,0,11.43,0,0,0,0,100%,19053100,Goods,Cookies,With Egg,,,,Choco Chip Cookies,1 Pc,ea,
5482,Item,Butter Cookies (Guraiba) (1 Pc),Sale,17,194.3,-0.57,193.73,9.68,11.43,-0.03,11.4,136,8,0,0,29.80%,19053100,Goods,Cookies,With Egg,,,,Butter Cookies (Guraiba),1 Pc,ea,
555,Item,Photo Cake A4,Sale,27,6428.7,-19.98,6408.72,320.53,238.1,-0.74,237.36,3432.24,127.12,0,0,46.44%,17049090,Goods,Photo Cake,,"Vegetarian,Dessert",,,Photo Cake A4,,ea,
555A5,Item,Photo Cake  A5,Sale,1,190.48,0,190.48,9.52,190.48,0,190.48,127.12,127.12,0,0,33.26%,17049090,Goods,Photo Cake,,"Dessert,Non-vegetarian",,,Photo Cake  A5,,ea,
5613,Item,Butter Croissant,Sale,38,1990.44,0,1990.44,99.55,52.38,0,52.38,622.2,16.37,0,0,68.74%,19059090,Goods,Snacks,,"Dessert,Non-vegetarian",,,Butter Croissant,,ea,
5633,Item,The Love Sandwich Special Cake 1/2 Kg,Sale,1,861.9,0,861.9,43.1,861.9,0,861.9,18,18,0,0,97.91%,19059010,Goods,Love themed cakes,Cakes,"Dessert,Non-vegetarian",,,The Love Sandwich Special Cake 1/2 Kg,,ea,
5634,Item,A Hearty Delight 1/2 Kg,Sale,1,861.9,0,861.9,43.1,861.9,0,861.9,269.39,269.39,0,0,68.74%,19059010,Goods,Love themed cakes,Cakes,"Dessert,Non-vegetarian",,,A Hearty Delight 1/2 Kg,,ea,
5636,Item,Pure love - Valentine special heart Cake 1/2 Kg,Sale,1,861.9,0,861.9,43.1,861.9,0,861.9,247.74,247.74,0,0,71.26%,19059010,Goods,Love themed cakes,Cakes,"Dessert,Non-vegetarian",,,Pure love - Valentine special heart Cake 1/2 Kg,,ea,
5667,Item,Rasmalai Cake (1 Kg),Sale,2,1856.19,0,1856.19,92.81,928.1,0,928.1,0,0,0,0,100%,19059010,Goods,Cakes,Premium Cakes,"Chef Recommended,Non-vegetarian,New Arrivals",,,Rasmalai Cake,1 Kg,ea,
5667OM,Item,Rasmalai Cake (1 Kg),Sale,1,828.57,0,828.57,41.43,828.57,0,828.57,499.85,499.85,0,0,39.67%,19059010,Goods,Online Menu,Something Special,Non-vegetarian,,,Rasmalai Cake,1 Kg,ea,
5668,Item,Rasmalai Cake (1/2 Kg),Sale,9,3916.19,0,3916.19,195.81,435.13,0,435.13,1789.2,198.8,0,0,54.31%,19059010,Goods,Cakes,Premium Cakes,"Chef Recommended,Non-vegetarian,New Arrivals",,,Rasmalai Cake,1/2 Kg,ea,
5668OM,Item,Rasmalai Cake (1/2 Kg),Sale,1,423.81,-21.19,402.62,20.13,423.81,-21.19,402.62,255.6,255.6,0,0,36.52%,19059010,Goods,Online Menu,Something Special,Non-vegetarian,,,Rasmalai Cake,1/2 Kg,ea,
5669,Item,Rasmalai Cake (1 Pcs),Sale,87,6682.83,-7.62,6675.21,333.78,76.81,-0.09,76.73,2829.02,32.52,0,0,57.62%,19059010,Goods,Cakes,Premium Cakes,"Non-vegetarian,Chef Recommended,New Arrivals",,,Rasmalai Cake,1 Pcs,ea,
5671,Item,Mocha Coffee (1 Kg),Sale,2,1390.48,0,1390.48,69.52,695.24,0,695.24,0,0,0,0,100%,19059010,Goods,Cakes,Premium Cakes,"Chef Recommended,Non-vegetarian,New Arrivals",,,Mocha Coffee,1 Kg,ea,
5673,Item,Mocha Coffee (1 Pcs),Sale,33,2043,0,2043,102.18,61.91,0,61.91,809.59,24.53,0,0,60.37%,19059010,Goods,Cakes,Premium Cakes,"Chef Recommended,Non-vegetarian,New Arrivals",,,Mocha Coffee,1 Pcs,ea,
5675,Item,Spanish Delight (1 Kg),Sale,1,695.24,0,695.24,34.76,695.24,0,695.24,0,0,0,0,100%,19059010,Goods,Cakes,Premium Cakes,"Chef Recommended,Non-vegetarian,New Arrivals",,,Spanish Delight,1 Kg,ea,
5676,Item,Spanish Delight (1 Pcs),Sale,25,1547.74,0,1547.74,77.43,61.91,0,61.91,493.81,19.75,0,0,68.09%,19059010,Goods,Cakes,Premium Cakes,"Chef Recommended,Non-vegetarian,New Arrivals",,,Spanish Delight,1 Pcs,ea,
5677,Item,Spanish Delight (1/2 Kg),Sale,3,1071.42,0,1071.42,53.58,357.14,0,357.14,0,0,0,0,100%,19059010,Goods,Cakes,Premium Cakes,"Chef Recommended,Non-vegetarian,New Arrivals",,,Spanish Delight,1/2 Kg,ea,
5679,Item,Chocolate Salted Caramel (1 Kg),Sale,1,761.91,0,761.91,38.1,761.91,0,761.91,0,0,0,0,100%,19059010,Goods,Cakes,Premium Cakes,"Chef Recommended,Non-vegetarian,New Arrivals",,,Chocolate Salted Caramel,1 Kg,ea,
5680,Item,Chocolate Salted Caramel (1/2 Kg),Sale,1,390.48,0,390.48,19.52,390.48,0,390.48,0,0,0,0,100%,19059010,Goods,Cakes,Premium Cakes,"Chef Recommended,Non-vegetarian,New Arrivals",,,Chocolate Salted Caramel,1/2 Kg,ea,
5681,Item,Chocolate Salted Caramel (1 Pcs),Sale,16,1160.02,0,1160.02,57.98,72.5,0,72.5,334.31,20.89,0,0,71.18%,19059010,Goods,Cakes,Premium Cakes,"Chef Recommended,Non-vegetarian,New Arrivals",,,Chocolate Salted Caramel,1 Pcs,ea,
5694,Item,Spanish Delight (2 Kg),Sale,1,1390.48,-69.52,1320.96,66.05,1390.48,-69.52,1320.96,824.71,824.71,0,0,37.57%,19059010,Goods,Cakes,Premium Cakes,,,,Spanish Delight,2 Kg,ea,
5699,Item,Rasmalai Cake (Special Cake 1/2 Kg),Sale,2,1038.1,0,1038.1,51.91,519.05,0,519.05,0,0,0,0,100%,19059010,Goods,Cakes,Premium Cakes,"Chef Recommended,Non-vegetarian",,,Rasmalai Cake,Special Cake 1/2 Kg,ea,
5712,Item,Eggless Rasmalai Cake (1 Kg),Sale,3,2839.05,0,2839.05,141.95,946.35,0,946.35,0,0,0,0,100%,19059010,Goods,Eggless Cakes,,"New Arrivals,Vegetarian",,,Eggless Rasmalai Cake,1 Kg,ea,
5713,Item,Eggless Rasmalai Cake (1/2 Kg),Sale,7,3133.34,-22.38,3110.96,155.54,447.62,-3.2,444.42,125.3,17.9,0,0,95.97%,19059010,Goods,Eggless Cakes,,"New Arrivals,Vegetarian",,,Eggless Rasmalai Cake,1/2 Kg,ea,
5713EOM,Item,Eggless Rasmalai Cake (1/2 Kg),Sale,1,447.62,0,447.62,22.38,447.62,0,447.62,269.89,269.89,0,0,39.71%,19059010,Goods,Online Menu,,Vegetarian,,,Eggless Rasmalai Cake,1/2 Kg,ea,
5714,Item,Eggless Rasmalai Cake (1 Pcs),Sale,50,4104.7,0,4104.7,205.28,82.09,0,82.09,1982.72,39.65,0,0,51.70%,19059010,Goods,Eggless Cakes,,"New Arrivals,Vegetarian",,,Eggless Rasmalai Cake,1 Pcs,ea,
5717,Item,Eggless Mocha Coffee (1/2 Kg),Sale,1,380.95,0,380.95,19.05,380.95,0,380.95,0,0,0,0,100%,19059010,Goods,Eggless Cakes,,,,,Eggless Mocha Coffee,1/2 Kg,ea,
5726,Item,Eggless Spanish Delight (1/2 Kg),Sale,1,380.95,0,380.95,19.05,380.95,0,380.95,0,0,0,0,100%,19059010,Goods,Eggless Cakes,,,,,Eggless Spanish Delight,1/2 Kg,ea,
5736,Item,Eggless Mocha Coffee (2 Kg),Sale,1,1485.71,0,1485.71,74.29,1485.71,0,1485.71,151.68,151.68,0,0,89.79%,19059010,Goods,Eggless Cakes,,,,,Eggless Mocha Coffee,2 Kg,ea,
5737,Item,Eggless Mocha Coffee (1.5 Kg),Sale,1,1114.29,0,1114.29,55.71,1114.29,0,1114.29,677.49,677.49,0,0,39.20%,19059010,Goods,Eggless Cakes,,,,,Eggless Mocha Coffee,1.5 Kg,ea,
5742,Item,Eggless Rasmalai Cake (2 Kg),Sale,1,1752.38,0,1752.38,87.62,1752.38,0,1752.38,1047.46,1047.46,0,0,40.23%,19059010,Goods,Eggless Cakes,,,,,Eggless Rasmalai Cake,2 Kg,ea,
5EL,Item,Eggless Chocolate Mousse (1 Pcs),Sale,5,380.95,0,380.95,19.05,76.19,0,76.19,38.2,7.64,0,0,89.97%,19059010,Goods,Eggless Cakes,,"Vegetarian,Dessert",,,Eggless Chocolate Mousse,1 Pcs,ea,
6,Item,Chocolate Mars (1 Pcs),Sale,24,1846.66,0,1846.66,92.34,76.94,0,76.94,591.64,24.65,0,0,67.96%,19059010,Goods,Cakes,Premium Cakes,"Non-vegetarian,Dessert",,,Chocolate Mars,1 Pcs,ea,
60,Item,Six Wonders (1 Pcs),Sale,105,8537.93,0,8537.93,426.95,81.31,0,81.31,4338.18,41.32,0,0,49.19%,19059010,Goods,Cakes,Something Special,"Non-vegetarian,Dessert",,,Six Wonders,1 Pcs,ea,
61,Item,Eggless Black Forest (2 Kg),Sale,3,3714.3,-61.9,3652.4,182.63,1238.1,-20.63,1217.47,2127.75,709.25,0,0,41.74%,19059010,Goods,Eggless Cakes,,"Vegetarian,Dessert",,,Eggless Black Forest,2 Kg,ea,
619,Item,Balloons Printed Heart Shape 10 Pcs Pkt,Sale,1,52.38,0,52.38,2.62,52.38,0,52.38,38.69,38.69,0,0,26.14%,40161000,Goods,Birthday Items,,"Vegetarian,Dessert",,,Balloons Printed Heart Shape 10 Pcs Pkt,,ea,
66,Item,Eggless Blueberry Mousse Cheese (2 Kg),Sale,1,2190.48,-109.52,2080.96,104.05,2190.48,-109.52,2080.96,185.41,185.41,0,0,91.09%,19059010,Goods,Eggless Cakes,,"Vegetarian,Dessert",,,Eggless Blueberry Mousse Cheese,2 Kg,ea,
6EL,Item,Eggless Chocolate Mars (1 Pcs),Sale,3,242.85,0,242.85,12.15,80.95,0,80.95,129.2,43.07,0,0,46.80%,19059010,Goods,Eggless Cakes,,"Vegetarian,Dessert",,,Eggless Chocolate Mars,1 Pcs,ea,
7,Item,Chocolate Truffle (1 Pcs),Sale,143,11021.87,0,11021.87,551.14,77.08,0,77.08,5491.72,38.4,0,0,50.17%,19059010,Goods,Cakes,Premium Cakes,"Non-vegetarian,Dessert",,,Chocolate Truffle,1 Pcs,ea,
70,Item,Fruit N Nuts (1 Pcs),Sale,12,1085.75,0,1085.75,54.28,90.48,0,90.48,324.47,27.04,0,0,70.12%,19059010,Goods,Cakes,Something Special,"Non-vegetarian,Dessert",,,Fruit N Nuts,1 Pcs,ea,
7EL,Item,Eggless Chocolate Truffle (1 Pcs),Sale,82,6714.16,0,6714.16,335.76,81.88,0,81.88,3253.51,39.68,0,0,51.54%,19059010,Goods,Eggless Cakes,,"Vegetarian,Dessert",,,Eggless Chocolate Truffle,1 Pcs,ea,
7EOM,Item,Eggless Chocolate Truffle (1 Pcs),Sale,2,161.91,0,161.91,8.1,80.96,0,80.96,90.56,45.28,0,0,44.07%,19059010,Goods,Online Menu,,"Vegetarian,Dessert",,,Eggless Chocolate Truffle,1 Pcs,ea,
8,Item,Chocolate Butterscotch (1 Pcs),Sale,68,5199.02,0,5199.02,259.97,76.46,0,76.46,2195.66,32.29,0,0,57.77%,19059010,Goods,Cakes,Premium Cakes,"Non-vegetarian,Dessert",,,Chocolate Butterscotch,1 Pcs,ea,
80,Item,Vanilla Almond Pastry (1 Pcs),Sale,75,5786.65,0,5786.65,289.36,77.16,0,77.16,2437.18,32.5,0,0,57.88%,19059010,Goods,Cakes,Something Special,"Non-vegetarian,Dessert",,,Vanilla Almond Pastry,1 Pcs,ea,
8034,Item,Organza Bag (Small),Sale,3,85.71,0,85.71,4.29,28.57,0,28.57,42.87,14.29,0,0,49.98%,18069010,Goods,Gift Pack Chocolate,,"Vegetarian,Dessert",,,Organza Bag,Small,ea,
80EL,Item,Eggless Vanilla Almond Pastry (1 Pcs),Sale,35,2852.32,0,2852.32,142.63,81.49,0,81.49,1361.46,38.9,0,0,52.27%,19059010,Goods,Eggless Cakes,,"Vegetarian,Dessert",,,Eggless Vanilla Almond Pastry,1 Pcs,ea,
80EOM,Item,Eggless Vanilla Almond Pastry (1 Pcs),Sale,1,80.95,0,80.95,4.05,80.95,0,80.95,46.42,46.42,0,0,42.66%,19059010,Goods,Online Menu,,"Vegetarian,Dessert",,,Eggless Vanilla Almond Pastry,1 Pcs,ea,
81,Item,Eggless Butterscotch (2 Kg),Sale,1,1580.95,0,1580.95,79.05,1580.95,0,1580.95,908.93,908.93,0,0,42.51%,19059010,Goods,Eggless Cakes,,"Vegetarian,Dessert",,,Eggless Butterscotch,2 Kg,ea,
8113,Item,I Love You Black heart,Sale,2,238.1,-4.76,233.34,11.67,119.05,-2.38,116.67,0,0,0,0,100%,18069010,Goods,Gift Pack Chocolate,,"Vegetarian,Dessert",,,I Love You Black heart,,ea,
8114,Item,I Love You red heart,Sale,2,238.1,0,238.1,11.9,119.05,0,119.05,0,0,0,0,100%,18069010,Goods,Gift Pack Chocolate,,"Vegetarian,Dessert",,,I Love You red heart,,ea,
8196,Item,Teddy Bear Basket,Sale,2,476.2,0,476.2,23.82,238.1,0,238.1,119.05,59.53,0,0,75%,18069010,Goods,Gift Pack Chocolate,,"Vegetarian,Dessert",,,Teddy Bear Basket,,ea,
8198,Item,Coke Bottle Gems,Sale,3,171.42,0,171.42,8.58,57.14,0,57.14,57.14,19.05,0,0,66.67%,18069010,Goods,Chocolate Gems,,"Vegetarian,Dessert",,,Coke Bottle Gems,,ea,
8290,Item,Organza Fancy Bag,Sale,2,190.48,0,190.48,9.52,95.24,0,95.24,95.24,47.62,0,0,50%,18069010,Goods,Gift Pack Chocolate,,"Vegetarian,Dessert",,,Organza Fancy Bag,,ea,
8302,Add On,Smile F217,Sale,1,42.86,0,42.86,2.14,42.86,0,42.86,21.43,21.43,0,0,50%,18069010,Goods,Gift Pack Chocolate,,,,,Smile F217,,ea,
8302,Item,Smile F217,Sale,2,85.72,0,85.72,4.28,42.86,0,42.86,21.43,10.72,0,0,75%,18069010,Goods,Gift Pack Chocolate,,"Vegetarian,Dessert",,,Smile F217,,ea,
8304,Item,Kareena F 224,Sale,2,171.42,0,171.42,8.58,85.71,0,85.71,85.72,42.86,0,0,49.99%,18069010,Goods,Gift Pack Chocolate,,"Vegetarian,Dessert",,,Kareena F 224,,ea,
8308,Item,130A01 Heart For You,Sale,1,47.62,0,47.62,2.38,47.62,0,47.62,23.81,23.81,0,0,50%,18069010,Goods,Gift Pack Chocolate,,"Vegetarian,Dessert",,,130A01 Heart For You,,ea,
8320,Item,Plastic Bulb,Sale,2,114.28,0,114.28,5.72,57.14,0,57.14,28.57,14.29,0,0,75%,18069010,Goods,Chocolate Gems,,"Vegetarian,Dessert",,,Plastic Bulb,,ea,
8321,Item,Leele 27 Heart Window,Sale,2,247.62,0,247.62,12.38,123.81,0,123.81,61.9,30.95,0,0,75%,18069010,Goods,Gift Pack Chocolate,,"Vegetarian,Dessert",,,Leele 27 Heart Window,,ea,
8326,Item,RJ 28 Heart Metal Box,Sale,2,314.29,-15.71,298.58,14.93,157.15,-7.86,149.29,0,0,0,0,100%,18069010,Goods,Gift Pack Chocolate,,"Vegetarian,Dessert",,,RJ 28 Heart Metal Box,,ea,
8327,Item,RJ 29 Round Metal Box,Sale,1,157.14,0,157.14,7.86,157.14,0,157.14,0,0,0,0,100%,18069010,Goods,Gift Pack Chocolate,,"Vegetarian,Dessert",,,RJ 29 Round Metal Box,,ea,
8328,Item,RJ Ractangle Metal Box Small,Sale,2,314.28,0,314.28,15.72,157.14,0,157.14,157.14,78.57,0,0,50%,18069010,Goods,Gift Pack Chocolate,,"Vegetarian,Dessert",,,RJ Ractangle Metal Box Small,,ea,
8339,Add On,Santa Claus (Face),Sale,1,66.67,0,66.67,3.33,66.67,0,66.67,53.33,53.33,0,0,20.01%,18069010,Goods,Homemade Chocolate,,,,,Santa Claus,Face,ea,
8339,Item,Santa Claus (Face),Sale,3,200,0,200,10,66.67,0,66.67,99.99,33.33,0,0,50.01%,18069010,Goods,Homemade Chocolate,,"Vegetarian,Dessert",,,Santa Claus,Face,ea,
8340,Add On,Santa Claus (Plain),Sale,1,42.86,0,42.86,2.14,42.86,0,42.86,34.29,34.29,0,0,20%,18069010,Goods,Homemade Chocolate,,,,,Santa Claus,Plain,ea,
8340,Item,Santa Claus (Plain),Sale,7,300,0,300,15,42.86,0,42.86,150.01,21.43,0,0,50%,18069010,Goods,Homemade Chocolate,,"Vegetarian,Dessert",,,Santa Claus,Plain,ea,
8342,Item,Umbrella Gems,Sale,9,342.9,0,342.9,17.18,38.1,0,38.1,133.35,14.82,0,0,61.11%,18069010,Goods,Chocolate Gems,,"Vegetarian,Dessert",,,Umbrella Gems,,ea,
8343,Item,Gems Bottle,Sale,6,285.72,0,285.72,14.28,47.62,0,47.62,142.86,23.81,0,0,50%,18069010,Goods,Chocolate Gems,,"Vegetarian,Dessert",,,Gems Bottle,,ea,
8346,Item,Leele 67 Foot Ball Gems,Sale,3,142.86,0,142.86,7.14,47.62,0,47.62,47.62,15.87,0,0,66.67%,18069010,Goods,Chocolate Gems,,"Vegetarian,Dessert",,,Leele 67 Foot Ball Gems,,ea,
8347,Item,Plastic Toy Small Car,Sale,1,133.33,0,133.33,6.67,133.33,0,133.33,0,0,0,0,100%,18069010,Goods,Gift Pack Chocolate,,"Vegetarian,Dessert",,,Plastic Toy Small Car,,ea,
8360,Item,Love Birds,Sale,4,133.32,0,133.32,6.67,33.33,0,33.33,15.24,3.81,0,0,88.57%,18069010,Goods,Love themed cakes,Chocolates,"Vegetarian,Dessert",,,Love Birds,,ea,
8367,Item,Chinna Topi,Sale,2,114.28,0,114.28,5.72,57.14,0,57.14,57.14,28.57,0,0,50%,18069010,Goods,Gift Pack Chocolate,,"Vegetarian,Dessert",,,Chinna Topi,,ea,
8373,Item,NL 633,Sale,1,57.14,0,57.14,2.86,57.14,0,57.14,0,0,0,0,100%,18069010,Goods,Homemade Chocolate,,"Vegetarian,Dessert",,,NL 633,,ea,
8376,Item,Mita 010B01,Sale,2,152.38,0,152.38,7.62,76.19,0,76.19,76.2,38.1,0,0,49.99%,18069010,Goods,Gift Pack Chocolate,,"Vegetarian,Dessert",,,Mita 010B01,,ea,
8380,Item,Mita 160B01,Sale,2,200,0,200,10,100,0,100,50,25,0,0,75%,18069010,Goods,Gift Pack Chocolate,,"Vegetarian,Dessert",,,Mita 160B01,,ea,
8385,Item,Freedom Choco (10 Gm),Sale,47,447.62,0,447.62,22.38,9.52,0,9.52,0,0,0,0,100%,18069010,Goods,Homemade Chocolate,,"Vegetarian,Dessert",,,Freedom Choco,10 Gm,ea,
8386,Item,Freedom Choco (16 Gm),Sale,37,563.81,0,563.81,28.19,15.24,0,15.24,0,0,0,0,100%,18069010,Goods,Homemade Chocolate,,"Vegetarian,Dessert",,,Freedom Choco,16 Gm,ea,
8408,Item,HMC Feeding Bottle Gems,Sale,4,152.4,0,152.4,7.63,38.1,0,38.1,38.1,9.53,0,0,75%,18069010,Goods,Chocolate Gems,,"Vegetarian,Dessert",,,HMC Feeding Bottle Gems,,ea,
8408A,Item,Feeding Bottle Choco Stones,Sale,1,38.1,0,38.1,1.91,38.1,0,38.1,0,0,0,0,100%,18069010,Goods,Chocolate Gems,,"Vegetarian,Dessert",,,Feeding Bottle Choco Stones,,ea,
8410,Add On,Milk Chocolate with Crispy N Nuts chbar,Sale,1,47.62,0,47.62,2.38,47.62,0,47.62,27.3,27.3,0,0,42.67%,18069010,Goods,Chocolate Bars,,,,,Milk Chocolate with Crispy N Nuts chbar,,ea,
8410,Item,Milk Chocolate with Crispy N Nuts chbar,Sale,6,285.72,0,285.72,14.28,47.62,0,47.62,123.82,20.64,0,0,56.66%,18069010,Goods,Chocolate Bars,,"Vegetarian,Dessert",,,Milk Chocolate with Crispy N Nuts chbar,,ea,
8410a,Item,Milk chocolate with crispy mini chbar,Sale,18,428.58,0,428.58,21.43,23.81,0,23.81,214.2,11.9,0,0,50.02%,18069010,Goods,Chocolate Bars,,"Vegetarian,Dessert",,,Milk chocolate with crispy mini chbar,,ea,
8417,Item,HMC Miniyan gems,Sale,3,114.3,0,114.3,5.73,38.1,0,38.1,38.1,12.7,0,0,66.67%,18069010,Goods,Chocolate Gems,,"Vegetarian,Dessert",,,HMC Miniyan gems,,ea,
8474,Item,HMC Single Flower With Love Birds,Sale,1,76.19,0,76.19,3.81,76.19,0,76.19,35.71,35.71,0,0,53.13%,18069010,Goods,Love themed cakes,Chocolates,"Vegetarian,Dessert",,,HMC Single Flower With Love Birds,,ea,
8482,Item,HMC Six Wonders,Sale,50,571.48,0,571.48,28.54,11.43,0,11.43,251.24,5.02,0,0,56.04%,18069010,Goods,Imp Hmc Chocolate,,"Vegetarian,Dessert",,,HMC Six Wonders,,ea,
8483,Item,HMC Milk Chocolate with Crispy N Nuts(5gms),Sale,36,171.42,0,171.42,8.57,4.76,0,4.76,54.74,1.52,0,0,68.07%,18069010,Goods,Imp Hmc Chocolate,,"Vegetarian,Dessert",,,HMC Milk Chocolate with Crispy N Nuts(5gms),,ea,
8484,Item,HMC Lollypop Chocolate,Sale,58,828.71,0,828.71,41.39,14.29,0,14.29,357,6.16,0,0,56.92%,18069010,Goods,Homemade Chocolate,,"Vegetarian,Dessert",,,HMC Lollypop Chocolate,,ea,
8498,Add On,Rocher Truffle Box,Sale,1,47.62,0,47.62,2.38,47.62,0,47.62,27.3,27.3,0,0,42.67%,18069010,Goods,Homemade Chocolate,,,,,Rocher Truffle Box,,ea,
8498,Item,Rocher Truffle Box,Sale,13,619.06,0,619.06,30.94,47.62,0,47.62,197.46,15.19,0,0,68.10%,18069010,Goods,Homemade Chocolate,,"Vegetarian,Dessert",,,Rocher Truffle Box,,ea,
8499,Item,BON BON (CHOCO),Sale,37,528.61,-2.86,525.75,26.26,14.29,-0.08,14.21,257.04,6.95,0,0,51.11%,18069010,Goods,Homemade Chocolate,,"Vegetarian,Dessert",,,BON BON (CHOCO),,ea,
8500,Item,BON BON (MILKY),Sale,20,285.76,-2.86,282.9,14.11,14.29,-0.14,14.15,135.66,6.78,0,0,52.05%,18069010,Goods,Homemade Chocolate,,"Vegetarian,Dessert",,,BON BON (MILKY),,ea,
8511,Item,BON BON (PINEAPPLE),Sale,39,557.22,0,557.22,27.83,14.29,0,14.29,264.18,6.77,0,0,52.59%,18069010,Goods,Homemade Chocolate,,"Vegetarian,Dessert",,,BON BON (PINEAPPLE),,ea,
8512,Item,BON BON (CHOCO MOCHA),Sale,45,642.91,-2.86,640.05,31.98,14.29,-0.06,14.22,314.16,6.98,0,0,50.92%,18069010,Goods,Homemade Chocolate,,"Vegetarian,Dessert",,,BON BON (CHOCO MOCHA),,ea,
8513,Item,BON BON (MILKY MOCHA),Sale,23,328.62,-2.86,325.76,16.26,14.29,-0.12,14.16,149.94,6.52,0,0,53.97%,18069010,Goods,Homemade Chocolate,,"Vegetarian,Dessert",,,BON BON (MILKY MOCHA),,ea,
8514,Item,BON BON (CARAMEL),Sale,28,400.04,-2.86,397.18,19.84,14.29,-0.1,14.19,178.5,6.38,0,0,55.06%,18069010,Goods,Homemade Chocolate,,"Vegetarian,Dessert",,,BON BON (CARAMEL),,ea,
8515,Item,BON BON (PISTACHIO),Sale,22,314.35,-2.86,311.49,15.53,14.29,-0.13,14.16,142.8,6.49,0,0,54.16%,18069010,Goods,Homemade Chocolate,,"Vegetarian,Dessert",,,BON BON (PISTACHIO),,ea,
8516,Item,BON BON (MANGO),Sale,33,471.5,-2.86,468.64,23.38,14.29,-0.09,14.2,214.2,6.49,0,0,54.29%,18069010,Goods,Homemade Chocolate,,"Vegetarian,Dessert",,,BON BON (MANGO),,ea,
8517,Item,BON BON (STRAWBERRY),Sale,26,371.49,-2.86,368.63,18.4,14.29,-0.11,14.18,171.36,6.59,0,0,53.51%,18069010,Goods,Homemade Chocolate,,"Vegetarian,Dessert",,,BON BON (STRAWBERRY),,ea,
8518,Item,BON BON (ORANGE),Sale,32,457.19,-2.86,454.33,22.67,14.29,-0.09,14.2,228.48,7.14,0,0,49.71%,18069010,Goods,Homemade Chocolate,,"Vegetarian,Dessert",,,BON BON (ORANGE),,ea,
8519,Item,BON BON (BLUEBERRY),Sale,24,342.93,-2.86,340.07,16.95,14.29,-0.12,14.17,157.08,6.55,0,0,53.81%,18069010,Goods,Homemade Chocolate,,"Vegetarian,Dessert",,,BON BON (BLUEBERRY),,ea,
8530,Add On,ROCK CHOCOLATES,Sale,1,95.24,0,95.24,4.76,95.24,0,95.24,2.82,2.82,0,0,97.04%,18069010,Goods,Homemade Chocolate,,,,,ROCK CHOCOLATES,,ea,
8530,Item,ROCK CHOCOLATES,Sale,2,190.48,0,190.48,9.52,95.24,0,95.24,0,0,0,0,100%,18069010,Goods,Homemade Chocolate,,"Vegetarian,Dessert",,,ROCK CHOCOLATES,,ea,
8576,Item,Dream Cake (1/2 Kg),Sale,2,1428.58,0,1428.58,71.42,714.29,0,714.29,500,250,0,0,65%,19059010,Goods,Dream Cake,,"New Arrivals,Chef Recommended,Non-vegetarian",,,Dream Cake,1/2 Kg,ea,
8585,Item,Dream Cake (Small Size Square Shape ),Sale,35,3333.4,0,3333.4,166.63,95.24,0,95.24,2200.11,62.86,0,0,34%,19059010,Goods,Dream Cake,,"Non-vegetarian,New Arrivals,Chef Recommended",,,Dream Cake,Small Size Square Shape ,ea,
8586,Item,Dream Cake (Small Size Heart Shape),Sale,37,4228.69,0,4228.69,211.39,114.29,0,114.29,2800,75.68,0,0,33.79%,19059010,Goods,Dream Cake,,"New Arrivals,Non-vegetarian,Chef Recommended",,,Dream Cake,Small Size Heart Shape,ea,
8590,Item,MILKY CHOCO ALMOND,Sale,4,304.76,0,304.76,15.24,76.19,0,76.19,114.3,28.58,0,0,62.50%,18069010,Goods,Homemade Chocolate,,"Vegetarian,Dessert",,,MILKY CHOCO ALMOND,,ea,
8617,Item,Number Pinata Gold Candle  (1),Sale,9,200.98,0,200.98,10.07,22.33,0,22.33,152.55,16.95,0,0,24.10%,34060010,Goods,Birthday Items,,"Vegetarian,Dessert",,,Number Pinata Gold Candle  (1),,ea,
8618,Item,Number Pinata Gold Candle  (2),Sale,10,219.1,0,219.1,11,21.91,0,21.91,169.5,16.95,0,0,22.64%,34060010,Goods,Birthday Items,,"Vegetarian,Dessert",,,Number Pinata Gold Candle  (2),,ea,
8619,Item,Number Pinata Gold Candle  (3),Sale,15,328.63,0,328.63,16.46,21.91,0,21.91,254.25,16.95,0,0,22.63%,34060010,Goods,Birthday Items,,"Vegetarian,Dessert",,,Number Pinata Gold Candle  (3),,ea,
8620,Item,Number Pinata Gold Candle  (4),Sale,6,135.26,0,135.26,6.79,22.54,0,22.54,84.75,14.13,0,0,37.34%,34060010,Goods,Birthday Items,,"Vegetarian,Dessert",,,Number Pinata Gold Candle  (4),,ea,
8621,Item,Number Pinata Gold Candle  (5),Sale,4,87.64,0,87.64,4.4,21.91,0,21.91,67.8,16.95,0,0,22.64%,34060010,Goods,Birthday Items,,"Vegetarian,Dessert",,,Number Pinata Gold Candle  (5),,ea,
8622,Item,Number Pinata Gold Candle  (6),Sale,5,109.53,-1.84,107.69,5.39,21.91,-0.37,21.54,84.75,16.95,0,0,21.30%,34060010,Goods,Birthday Items,,"Vegetarian,Dessert",,,Number Pinata Gold Candle  (6),,ea,
8623,Item,Number Pinata Gold Candle  (7),Sale,1,21.91,0,21.91,1.1,21.91,0,21.91,16.95,16.95,0,0,22.64%,34060010,Goods,Birthday Items,,"Vegetarian,Dessert",,,Number Pinata Gold Candle  (7),,ea,
8624,Item,Number Pinata Gold Candle  (8),Sale,2,47.62,0,47.62,2.39,23.81,0,23.81,33.9,16.95,0,0,28.81%,34060010,Goods,Birthday Items,,"Vegetarian,Dessert",,,Number Pinata Gold Candle  (8),,ea,
8625,Item,Number Pinata Gold Candle (9),Sale,5,109.55,0,109.55,5.49,21.91,0,21.91,84.75,16.95,0,0,22.64%,34060010,Goods,Birthday Items,,"Vegetarian,Dessert",,,Number Pinata Gold Candle (9),,ea,
8626,Item,Eggless Rasmalai Cake (Special Cake 1/2 Kg),Sale,2,1216.19,0,1216.19,60.81,608.1,0,608.1,0,0,0,0,100%,19059010,Goods,Eggless Cakes,,"New Arrivals,Non-vegetarian",,,Eggless Rasmalai Cake,Special Cake 1/2 Kg,ea,
8629,Item,Frooti 120 ml Tetra Pack,Sale,2,19.05,0,19.05,0.95,9.53,0,9.53,0,0,0,0,100%,22029020,Goods,Soft Drinks,,"Vegetarian,Dessert",,,Frooti 120 ml Tetra Pack,,ea,
8630,Item,Fudge Brownie 100gms,Sale,151,14381.2,-14.28,14366.92,718.3,95.24,-0.09,95.15,8618.49,57.08,0,0,40.01%,19059010,Goods,Dry Items,Dry Cakes,"Non-vegetarian,Dessert",,,Fudge Brownie 100gms,,ea,
8631,Item,PAPER BOAT 125 ML,Sale,7,66.66,0,66.66,3.34,9.52,0,9.52,0,0,0,0,100%,22029930,Goods,Soft Drinks,,"Vegetarian,Beverage",,,PAPER BOAT 125 ML,,ea,
8649,Item,French Macarons Chocolate,Sale,3,514.29,0,514.29,25.71,171.43,0,171.43,0,0,0,0,100%,19059010,Goods,Dry Items,,"Non-vegetarian,Dessert",,,French Macarons Chocolate,,pkt,
8654,Item,Sponge Cake (1 Pcs with wrap (25Gms)),Sale,840,11200,-3361.38,7838.62,391.93,13.33,-4,9.33,7837.2,9.33,0,0,0.02%,19059010,Goods,Dry Items,Dry Cakes,,,,Sponge Cake,1 Pcs with wrap (25Gms),ea,
8718,Item,Potato Chips Salted,Sale,26,1733.39,0,1733.39,86.65,66.67,0,66.67,1073.41,41.29,0,0,38.07%,21069099,Goods,Mixture and Chips,,"Vegetarian,Dessert",,,Potato Chips Salted,,pkt,
8719,Item,Potato Chips Spicy,Sale,27,1800.07,0,1800.07,89.96,66.67,0,66.67,1213.42,44.94,0,0,32.59%,21069099,Goods,Mixture and Chips,,"Vegetarian,Dessert",,,Potato Chips Spicy,,pkt,
8731,Item,Mini Umbrella Gems,Sale,12,342.84,0,342.84,17.16,28.57,0,28.57,157.19,13.1,0,0,54.15%,18069010,Goods,Chocolate Gems,,"Vegetarian,Dessert",,,Mini Umbrella Gems,,ea,
8733,Item,HMC Small Basket,Sale,2,190.48,0,190.48,9.52,95.24,0,95.24,95.24,47.62,0,0,50%,18069010,Goods,Gift Pack Chocolate,,"Vegetarian,Dessert",,,HMC Small Basket,,ea,
8735,Item,HMC M12 Chocolate Paper Box,Sale,1,66.67,0,66.67,3.33,66.67,0,66.67,0,0,0,0,100%,18069010,Goods,Gift Pack Chocolate,,"Vegetarian,Dessert",,,HMC M12 Chocolate Paper Box,,ea,
8736,Item,HMC M18 Chocolate Paper Box,Sale,1,76.19,0,76.19,3.81,76.19,0,76.19,38.1,38.1,0,0,49.99%,18069010,Goods,Gift Pack Chocolate,,"Vegetarian,Dessert",,,HMC M18 Chocolate Paper Box,,ea,
8737,Item,HMC M19 Chocolate Paper Box,Sale,1,114.29,0,114.29,5.71,114.29,0,114.29,0,0,0,0,100%,18069010,Goods,Gift Pack Chocolate,,"Vegetarian,Dessert",,,HMC M19 Chocolate Paper Box,,ea,
8738,Item,HMC M23 Chocolate Paper Box,Sale,2,304.76,0,304.76,15.24,152.38,0,152.38,76.19,38.1,0,0,75%,18069010,Goods,Gift Pack Chocolate,,"Vegetarian,Dessert",,,HMC M23 Chocolate Paper Box,,ea,
8739,Item,HMC Gb39 Paper Box,Sale,2,190.48,0,190.48,9.52,95.24,0,95.24,95.24,47.62,0,0,50%,18069010,Goods,Gift Pack Chocolate,,"Vegetarian,Dessert",,,HMC Gb39 Paper Box,,ea,
8740,Item,HMC Gb65 Paper Box,Sale,2,171.42,0,171.42,8.58,85.71,0,85.71,0,0,0,0,100%,18069010,Goods,Gift Pack Chocolate,,"Vegetarian,Dessert",,,HMC Gb65 Paper Box,,ea,
8742,Item,HMC Gb78 Paper Box,Sale,2,190.48,0,190.48,9.52,95.24,0,95.24,47.62,23.81,0,0,75%,18069010,Goods,Gift Pack Chocolate,,"Vegetarian,Dessert",,,HMC Gb78 Paper Box,,ea,
8743,Item,HMC Gb83 Paper Box,Sale,2,133.34,0,133.34,6.66,66.67,0,66.67,66.66,33.33,0,0,50.01%,18069010,Goods,Gift Pack Chocolate,,"Vegetarian,Dessert",,,HMC Gb83 Paper Box,,ea,
8744,Item,HMC Shagun Gift Box,Sale,2,304.76,0,304.76,15.24,152.38,0,152.38,152.38,76.19,0,0,50%,18069010,Goods,Gift Pack Chocolate,,"Vegetarian,Dessert",,,HMC Shagun Gift Box,,ea,
8750,Item,Banana Chips Spicy 200gms,Sale,1,100,0,100,5,100,0,100,0,0,0,0,100%,21069099,Goods,Mixture and Chips,,"Vegetarian,Dessert",,,Banana Chips Spicy 200gms,,ea,
8751,Item,Banana Chips Pepper Salted 200gms,Sale,15,1500,0,1500,75,100,0,100,980,65.33,0,0,34.67%,21069099,Goods,Mixture and Chips,,"Vegetarian,Dessert",,,Banana Chips Pepper Salted 200gms,,ea,
8752,Item,Tapioca Chips Sticks 200gms,Sale,1,90.48,0,90.48,4.52,90.48,0,90.48,0,0,0,0,100%,21069099,Goods,Mixture and Chips,,"Vegetarian,Dessert",,,Tapioca Chips Sticks 200gms,,ea,
8753,Item,Tapioca Chips 200gms,Sale,1,90.48,0,90.48,4.52,90.48,0,90.48,0,0,0,0,100%,21069099,Goods,Mixture and Chips,,"Vegetarian,Dessert",,,Tapioca Chips 200gms,,ea,
8768,Item,Sliver Ball Cap,Sale,2,135.6,0,135.6,24.4,67.8,0,67.8,0,0,0,0,100%,95059090,Goods,Birthday Items,,"Vegetarian,Dessert",,,Sliver Ball Cap,,ea,
8776,Item,French Macarons Assorted,Sale,53,9085.78,-42.86,9042.92,452.09,171.43,-0.81,170.62,4015.26,75.76,0,0,55.60%,19059010,Goods,Dry Items,,"Non-vegetarian,Dessert",,,French Macarons Assorted,,pkt,
8779,Item,Butter Croissant Chocolate Fill,Sale,38,2171.38,0,2171.38,108.59,57.14,0,57.14,1520,40,0,0,30%,19059090,Goods,Snacks,,"Dessert,Non-vegetarian",,,Butter Croissant Chocolate Fill,,ea,
8780,Item,Butter Chocolate Croissant,Sale,52,3731.5,-14.29,3717.21,185.81,71.76,-0.27,71.48,1880,36.15,0,0,49.42%,19059090,Goods,Snacks,,"Dessert,Non-vegetarian",,,Butter Chocolate Croissant,,ea,
8801,Item,Anzac Cookies 1 Pc,Sale,14,333.34,0,333.34,16.66,23.81,0,23.81,14.36,1.03,0,0,95.69%,19053100,Goods,Cookies,,"Vegetarian,Dessert",,,Anzac Cookies 1 Pc,,ea,
8802,Item,Vanilla Choco Chip Cookies 1 Pc,Sale,7,166.67,0,166.67,8.33,23.81,0,23.81,66.68,9.53,0,0,59.99%,19053100,Goods,Cookies,,"Dessert,Non-vegetarian",,,Vanilla Choco Chip Cookies 1 Pc,,ea,
8803,Item,Chocolate Choco Chip Cookies 1 Pc,Sale,6,142.86,0,142.86,7.14,23.81,0,23.81,33.34,5.56,0,0,76.66%,19053100,Goods,Cookies,,"Dessert,Non-vegetarian",,,Chocolate Choco Chip Cookies 1 Pc,,ea,
8804,Item,Melting Moments Cookies 1 Pc,Sale,4,95.24,0,95.24,4.76,23.81,0,23.81,66.68,16.67,0,0,29.99%,19053100,Goods,Cookies,,"Dessert,Non-vegetarian",,,Melting Moments Cookies 1 Pc,,ea,
8829,Item,Millet Cake 350 gms,Sale,2,619.04,0,619.04,30.96,309.52,0,309.52,433.34,216.67,0,0,30%,19059010,Goods,Dry Items,Dry Cakes,"Dessert,Non-vegetarian",,,Millet Cake 350 gms,,ea,
8830A,Item,Milk & Nut Pudding Cake Gift Box,Sale,1,452.38,0,452.38,22.62,452.38,0,452.38,316.67,316.67,0,0,30%,19059010,Goods,Dry Items,Dry Cakes,"Dessert,Non-vegetarian",,,Milk & Nut Pudding Cake Gift Box,,ea,
8831,Item,Pineapple Pudding Cake 350 gms,Sale,1,304.76,0,304.76,15.24,304.76,0,304.76,0,0,0,0,100%,19059010,Goods,Dry Items,Dry Cakes,"Dessert,Non-vegetarian",,,Pineapple Pudding Cake 350 gms,,ea,
8831A,Item,Pineapple Pudding Cake Gift Box,Sale,1,352.38,0,352.38,17.62,352.38,0,352.38,0,0,0,0,100%,19059010,Goods,Dry Items,Dry Cakes,"Dessert,Non-vegetarian",,,Pineapple Pudding Cake Gift Box,,ea,
8832A,Item,Butterscotch Pudding Cake Gift Box,Sale,1,409.52,0,409.52,20.48,409.52,0,409.52,0,0,0,0,100%,19059010,Goods,Dry Items,Dry Cakes,"Dessert,Non-vegetarian",,,Butterscotch Pudding Cake Gift Box,,ea,
8842,Item,Milk & Nut Cup Cake,Sale,24,1142.88,0,1142.88,57.12,47.62,0,47.62,666.6,27.78,0,0,41.67%,19059010,Goods,"Cup Cakes, Tarts, Eclair",,"Vegetarian,Dessert",,,Milk & Nut Cup Cake,,ea,
8844,Item,Butterscotch Pudding Cup Cake,Sale,16,761.92,0,761.92,38.08,47.62,0,47.62,466.62,29.16,0,0,38.76%,19059010,Goods,"Cup Cakes, Tarts, Eclair",,"Vegetarian,Dessert",,,Butterscotch Pudding Cup Cake,,ea,
8845,Item,Pineapple Pudding Cup Cake,Sale,38,1809.55,-107,1702.55,85.11,47.62,-2.82,44.8,243.21,6.4,0,0,85.71%,19059010,Goods,"Cup Cakes, Tarts, Eclair",,"Vegetarian,Dessert",,,Pineapple Pudding Cup Cake,,ea,
8847,Item,BC Vanilla Sponge,Sale,0.6,457.14,0,457.14,22.86,761.9,0,761.9,0,0,0,0,100%,19059010,Goods,Big Cakes,,"Non-vegetarian,Dessert",,,BC Vanilla Sponge,,kg,
8873,Item,Butter Murukku 200gms,Sale,21,2100,0,2100,105,100,0,100,1330,63.33,0,0,36.67%,21069099,Goods,Savouries,,"Vegetarian,Dessert",,,Butter Murukku 200gms,,ea,
8874,Item,Kara Boondhi 200gms,Sale,6,485.7,0,485.7,24.3,80.95,0,80.95,226.68,37.78,0,0,53.33%,21069099,Goods,Savouries,,"Vegetarian,Dessert",,,Kara Boondhi 200gms,,ea,
8875,Item,Onion Murukku 200gms,Sale,29,2900,0,2900,145,100,0,100,1820,62.76,0,0,37.24%,21069099,Goods,Savouries,,"Vegetarian,Dessert",,,Onion Murukku 200gms,,ea,
8876,Item,Garlic Murukku 200gms,Sale,30,3000,0,3000,150,100,0,100,1960,65.33,0,0,34.67%,21069099,Goods,Savouries,,"Vegetarian,Dessert",,,Garlic Murukku 200gms,,ea,
8877,Item,Andhra Spicy Murukku 200gms,Sale,26,2600,0,2600,130,100,0,100,1680,64.62,0,0,35.38%,21069099,Goods,Savouries,,"Vegetarian,Dessert",,,Andhra Spicy Murukku 200gms,,ea,
8885,Item,Tapioca Chips 150gms,Sale,8,609.52,0,609.52,30.48,76.19,0,76.19,319.98,40,0,0,47.50%,21069099,Goods,Mixture and Chips,,"Vegetarian,Dessert",,,Tapioca Chips 150gms,,ea,
8888,Item,Dates Ladoo,Sale,0.42,308,0,308,15.4,733.33,0,733.33,215.54,513.19,0,0,30.02%,21069099,Goods,Sweets,,"Vegetarian,Dessert",,,Dates Ladoo,,kg,
8888P,Item,Dates Ladoo Pcs,Sale,7,133.33,0,133.33,6.67,19.05,0,19.05,89.81,12.83,0,0,32.64%,21069099,Goods,Sweets,,"Vegetarian,Dessert",,,Dates Ladoo Pcs,,ea,
8909,Item,Rich Plum Cake Gift Box,Sale,2,685.72,0,685.72,34.28,342.86,0,342.86,0,0,0,0,100%,19059010,Goods,Plum Cake,,"Dessert,Non-vegetarian",,,Rich Plum Cake Gift Box,,ea,
8911,Item,Dates & Carrot Cake Gift Box,Sale,1,290.48,0,290.48,14.52,290.48,0,290.48,0,0,0,0,100%,19059010,Goods,Plum Cake,,"Dessert,Non-vegetarian",,,Dates & Carrot Cake Gift Box,,ea,
8941,Item,Baked Cheese Cake (1 Pc),Sale,14,799.99,0,799.99,39.99,57.14,0,57.14,0,0,0,0,100%,19059010,Goods,Cheese Cake,,"Non-vegetarian,Dessert",,,Baked Cheese Cake,1 Pc,ea,
8944,Item,Baked Blueberry Cheese Cake (1/2 Kg),Sale,2,1161.9,0,1161.9,58.1,580.95,0,580.95,0,0,0,0,100%,19059010,Goods,Cheese Cake,,Non-vegetarian,,,Baked Blueberry Cheese Cake,1/2 Kg,ea,
8945,Item,Baked Blueberry Cheese Cake (1/4 Kg),Sale,2,590.48,0,590.48,29.52,295.24,0,295.24,0,0,0,0,100%,19059010,Goods,Cheese Cake,,"Dessert,Non-vegetarian",,,Baked Blueberry Cheese Cake,1/4 Kg,ea,
8946,Item,Baked Blueberry Cheese Cake (1 Pc),Sale,15,1035.25,0,1035.25,51.77,69.02,0,69.02,0,0,0,0,100%,19059010,Goods,Cheese Cake,,"Dessert,Non-vegetarian",,,Baked Blueberry Cheese Cake,1 Pc,ea,
8947,Add On,Rose Cookies 150gms,Sale,1,95.24,0,95.24,4.76,95.24,0,95.24,67.05,67.05,0,0,29.60%,18069010,Goods,Cookies,With Egg,,,,Rose Cookies 150gms,,ea,
8947,Item,Rose Cookies,Sale,16,1523.83,-19.05,1504.78,75.24,95.24,-1.19,94.05,1072.8,67.05,0,0,28.71%,19053100,Goods,Cookies,With Egg,"Dessert,Non-vegetarian",,,Rose Cookies,,ea,
8947,Item,Rose Cookies 150gms,Sale,12,1142.88,0,1142.88,57.15,95.24,0,95.24,800.04,66.67,0,0,30%,19053100,Goods,Cookies,With Egg,"Dessert,Non-vegetarian",,,Rose Cookies 150gms,,ea,
8948,Item,Kalkal Sweets 500gms,Sale,2,476.2,0,476.2,23.82,238.1,0,238.1,333.34,166.67,0,0,30%,21069099,Goods,Sweets,,"Vegetarian,Dessert",,,Kalkal Sweets 500gms,,ea,
8949,Item,Kalkal Sweets 300gms,Sale,4,571.44,0,571.44,28.56,142.86,0,142.86,200,50,0,0,65%,21069099,Goods,Sweets,,"Vegetarian,Dessert",,,Kalkal Sweets 300gms,,ea,
8953,Item,Christmas Gift Basket Pink Heart,Sale,1,171.43,0,171.43,8.57,171.43,0,171.43,137.14,137.14,0,0,20%,18069010,Goods,Gift Pack Chocolate,,"New Arrivals,Non-vegetarian",,,Christmas Gift Basket Pink Heart,,ea,
8958,Item,X Mas Paper Box With Window,Sale,1,161.9,0,161.9,8.09,161.9,0,161.9,0,0,0,0,100%,18069010,Goods,Gift Pack Chocolate,,"New Arrivals,Vegetarian",,,X Mas Paper Box With Window,,ea,
8EL,Item,Eggless Chocolate ButterScotch (1 Pcs),Sale,2,161.9,0,161.9,8.1,80.95,0,80.95,6.6,3.3,0,0,95.92%,19059010,Goods,Eggless Cakes,,"Vegetarian,Dessert",,,Eggless Chocolate ButterScotch,1 Pcs,ea,
9,Item,Wonder Chocolate (1 Pcs),Sale,34,2590.46,0,2590.46,129.54,76.19,0,76.19,1356.12,39.89,0,0,47.65%,19059010,Goods,Cakes,Regular Cakes,"Non-vegetarian,Dessert",,,Wonder Chocolate,1 Pcs,ea,
91,Item,Chocolate Almond Pastry (1 Pcs),Sale,46,3780.86,0,3780.86,189.05,82.19,0,82.19,1819.32,39.55,0,0,51.88%,19059010,Goods,Cakes,Something Special,"Non-vegetarian,Dessert",,,Chocolate Almond Pastry,1 Pcs,ea,
911,Item,Chocolate Almond Pastry (1/2 Kg),Sale,5,2357.15,0,2357.15,117.85,471.43,0,471.43,0,0,0,0,100%,19059010,Goods,Cakes,Something Special,"Non-vegetarian,Dessert",,,Chocolate Almond Pastry,1/2 Kg,ea,
911EL,Item,Eggless Chocolate Almond Pastry (1/2 Kg),Sale,1,495.24,0,495.24,24.76,495.24,0,495.24,0,0,0,0,100%,19059010,Goods,Eggless Cakes,,"Vegetarian,Dessert",,,Eggless Chocolate Almond Pastry,1/2 Kg,ea,
91EL,Item,Eggless Chocolate Almond Pastry (Pcs),Sale,5,428.55,0,428.55,21.44,85.71,0,85.71,252.9,50.58,0,0,40.99%,19059010,Goods,Eggless Cakes,,"Vegetarian,Dessert",,,Eggless Chocolate Almond Pastry,Pcs,ea,
9273,Item,Cake Topper (Violet),Sale,2,101.7,0,101.7,18.3,50.85,0,50.85,70.84,35.42,0,0,30.34%,95059090,Goods,Birthday Items,,"Vegetarian,Dessert",,,Cake Topper (Violet),,ea,
9276,Item,Cake Topper (Gold),Sale,1,50.85,0,50.85,9.15,50.85,0,50.85,35.42,35.42,0,0,30.34%,95059090,Goods,Birthday Items,,"Vegetarian,Dessert",,,Cake Topper (Gold),,ea,
9497,Item,Twiset Straight Candle  6 In 1,Sale,5,252.4,0,252.4,12.6,50.48,0,50.48,163.7,32.74,0,0,35.14%,34060010,Goods,Birthday Items,,"Vegetarian,Dessert",,,Twiset Straight Candle  6 In 1,,ea,
9498,Item,Number Pinata Gold Candle  (0),Sale,4,91.44,0,91.44,4.59,22.86,0,22.86,50.85,12.71,0,0,44.39%,34060010,Goods,Birthday Items,,"Vegetarian,Dessert",,,Number Pinata Gold Candle  (0),,ea,
990,Item,Chocolate Almond Pastry (1 Kg),Sale,3,2771.43,-36.95,2734.48,136.72,923.81,-12.32,911.49,0,0,0,0,100%,19059010,Goods,Cakes,Something Special,"Non-vegetarian,Dessert",,,Chocolate Almond Pastry,1 Kg,ea,
990EL,Item,Eggless Chocolate Almond Pastry (1 Kg),Sale,1,971.43,0,971.43,48.57,971.43,0,971.43,0,0,0,0,100%,19059010,Goods,Eggless Cakes,,"Vegetarian,Dessert",,,Eggless Chocolate Almond Pastry,1 Kg,ea,
